Hip,Sex,Sire,State,TBX #,Day / Set,Distance,UT Time,GO Time,G.O. 1/4,G.O. 3/8,G.O. 1/2,G.O. 5/8,A.W. 1/8,A.W. 1/4,A.W. 3/8,DI,CD,Wind,Temp,Notes,Track Cond.,Barn,Consignor,Auction History,Stud Fee
1,C,Instagrand,KY,,,1/8,10.3,11.8,36,53,,11.78,25.42,42.48,4,1.1,9 mph TW,83°,,Fair,3,"Pick View LLC, Agent XXXII",25OBSOCT $35K / 25OBSJAN ($15K) / 24KEENOV $3K,$8K 2026 / $7.5K 2023,$8.5K 2026 / $5K 2023
2,C,Win Win Win,FL,,,1/8,10,11,34.1,50.1,,11.09,24.29,40.29,3,0.86,5 mph TW,78°,,Fair,18,"Golden Noguez, Agent",HB,$8.5K 2026 / $5K 2023,$30K 2026 / $50K 2023
3,F,Violence,KY,,,,,,,,,,,,3,0.75,,,,,4,"Camelot Acres Racing and Sales, Agent II",25KEESEP $62K,$30K 2026 / $50K 2023,$45K 2026 / $100K 2023
4,C,Munnings,FL,,,1/8,10,10.3,33.2,47.4,,10.79,23.48,37.98,3.67,0.86,0 mph,61°,,Fair,10,"S G V Thoroughbreds LLC (Steven Venosa), Agent",25KEESEP ($70K),$45K 2026 / $100K 2023,"$25,850 2026 / $60K 2023"
5,F,Connect,KY,,,,,,,,,,,,4.33,0.88,,,,,5,"S B M Training and Sales, Agent III",25TTAYRL $40K,$10K 2026 / $25K 2023,$10K 2026 / $10K 2023
6,F,American Pharoah,NY,,,1/8,10,10.2,33,47,,10.49,23.03,37.03,2.2,0.5,5 mph TW,76°,,Fair,9,"Sequel Bloodstock, Agent V",25KEESEP ($95K),"$25,850 2026 / $60K 2023",$30K 2026 / $25K 2023
7,C,Drain the Clock,FL,,,1/8,10.1,10.9,33.4,48.2,,10.98,23.74,38.23,7,0.75,0 mph,61°,,Fair,5,"S B M Training and Sales, Agent III",HB,$10K 2026 / $10K 2023,$30K 2026 / $50K 2023
8,C,ROADSTER,NY,,,1/8,10,10.4,33,47.4,,10.91,23.02,37.96,4.33,0.88,7 mph TW,76°,,Fair,1,"Kings Equine, Agent",25SARAUG $25K,$7.5K 2026 / $7.5K 2023,$20K 2026 / $7.5K 2023
9,F,GIRVIN,KY,,,1/4,21.3,11.8,33.1,46.4,01:01.3,,11.73,25.23,3,0.5,1 mph TW,63°,,Fair,4,"Ocala Stud, Agent",25FTKJUL ($70K),$30K 2026 / $25K 2023,$4K 2026 / $4K 2023
10,F,Maclean's Music,KY,,,1/8,10,10.3,33.1,47.2,,10.72,23.34,37.46,4.33,0.81,8 mph TW,78°,,Fair,12,"de Meric Sales, Agent XI",25KEESEP $20K / 24KEENOV $45K,$30K 2026 / $50K 2023,$25K 2026 / $45K 2023
11,F,Maximus Mischief,KY,,,1/8,10,10.3,34.1,50.1,,10.71,24.21,40.36,7,0.75,6 mph TW,82°,,Fair,18,"Twelve Toes LLC, Agent IV",25OBSOCT $14K / 24FTDOCT $1.2K,$20K 2026 / $7.5K 2023,$15K 2026 / $30K 2023
12,F,Awesome Slew,FL,,,1/4,21.2,11.8,33,46.1,01:01.2,,11.67,24.98,2.2,0.5,10 mph TW,78°,,Fair,4,Ocala Stud,HB,$4K 2026 / $4K 2023,$5K 2026 / $20K 2023
13,C,Epicenter,KY,,,1/8,10.4,11.8,35.3,50,,11.6,24.92,39.29,1.91,0.56,5 mph TW,81°,,Fair,7,"Julie Davies LLC, Agent XII",HB,$25K 2026 / $45K 2023,$12.5K 2026 / $15K 2023
14,C,Cyberknife,KY,,,1/8,10.2,11.1,35.1,50,,11.39,24.88,39.73,2,0.33,5 mph CW,68°,,Fair,13,"Blue River Bloodstock, Inc., Agent I",25OBSOCT ($65K),$15K 2026 / $30K 2023,$7.5K 2026 / $15K 2023
15,F,Mo Donegal,KY,,,1/8,9.4,10.8,32.3,46.1,,10.62,22.98,36.46,2,0.42,12 mph TW,78°,,Fair,17,"Champions of the Future, Agent II",25OBSOCT $20K,$5K 2026 / $20K 2023,100K 2026 / 175K 2023
16,F,Nashville,NY,,,,,,,,,,,,1.91,0.56,,,,,3,"Pick View LLC, Agent VIII",HB,$12.5K 2026 / $15K 2023,$15K 2026 / $45K 2023
17,F,Vino Rosso,KY,,,1/8,10,10.3,33,47.2,,10.72,23.14,37.4,3,0.8,14 mph TW,82°,,Fair,15,"Goldencents Thoroughbreds, Agent IV",25KEESEP $2K,$7.5K 2026 / $15K 2023,$75K 2026 / $25K 2023
18,C,No Nay Never,KY,,,,,,,,,,,,3,0.7,,,,,11,"Scanlon Training & Sales, Agent III",25KEESEP ($120K),100K 2026 / 175K 2023,$10K 2026 / $20K 2023
19,F,Jack Christopher,KY,,,,,,,,,,,,3,0.5,,,,,1,"Top Line Sales LLC, Agent XVII",25KEESEP $150K / 24KEENOV $140K,$15K 2026 / $45K 2023,$15K 2026 / $30K 2023
20,F,CAIRO PRINCE,NY,,,1/8,10.2,11,34,48.4,,11.02,23.67,38.48,3.57,0.81,10 mph TW,77°,,Fair,14,New Hope AB LLC,25FTKOCT $20K,$10K 2026 / $15K 2023,$15K 2026 / $30K 2023
21,F,PRACTICAL JOKE,KY,,,,,,,,,,,,3,1,,,,,11,"Randy Miles, Agent VIII",25FTKJUL $250K,$75K 2026 / $25K 2023,$7.5K 2026 / $7.5K 2023
22,F,Speaker's Corner,KY,,,,,,,,,,,,3.8,0.83,,,,,13,First Call,25FTKOCT $60K / 24FTNMIX ($20K),$10K 2026 / $20K 2023,$15K 2026 / $60K 2023
23,C,Jackie's Warrior,KY,,,1/8,10.2,11,34.1,48.1,,11.16,23.98,37.84,5,0.83,0 mph,62°,,Fair,15,"CM Thoroughbreds, Agent I",25KEESEP $15K,$25K 2026 / $50K 2023,$15K 2026 / $60K 2023
24,F,Corniche,KY,,,,,,,,,,,,3,0.5,,,,,3,"Pick View LLC, Agent IX",25KEESEP $130K / 24KEENOV $82K,$15K 2026 / $30K 2023,$25K 2026 / $45K 2023
25,C,Life Is Good,KY,,,1/8,9.4,10.9,33.2,47.1,,10.96,23.67,37.48,3,0.5,10 mph TW,75°,,Fair,15,CM Thoroughbreds,HB,$60K 2026 / $100K 2023,$12.5K 2026 / $25K 2023
26,F,Corniche,KY,,,1/8,10,10.3,33,47.1,,10.68,23.19,37.29,3,0.5,0 mph,61°,,Fair,12,"de Meric Sales, Agent VI",25KEESEP $150K,$15K 2026 / $30K 2023,$25K 2026 / $35K 2023
27,C,Roadster,FL,,,1/8,10,10.4,33.3,48.1,,10.9,23.63,38.21,5,1,11 mph TW,81°,,Fair,12,"de Meric Sales, Agent XIV",HB,$7.5K 2026 / $7.5K 2023,$10K 2026 / $25K 2023
28,C,Charlatan,KY,,,1/8,10.1,10.9,34.2,53.3,,10.89,24.23,43.54,3,0.63,10 mph TW,79°,,Fair,17,"Five Point Thoroughbreds, Agent",25KEESEP $25K,$25K 2026 / $50K 2023,$10K 2026 / $15K 2023
29,C,Authentic,KY,,,1/8,10.4,11.6,35,49.2,,11.31,24.28,38.65,3,0.63,3 mph TW,65°,,Fair,1,"Sugar Hill LLC, Agent II",25OBSOCT $12K / 24KEENOV $5K,$15K 2026 / $60K 2023,$25K 2026 / $45K 2023
30,C,Ghostzapper,KY,,,1/8,10.4,11.8,36.1,53.2,,11.73,25.54,42.79,2.5,0.64,9 mph TW,79°,,Fair,11,"Randy Miles, Agent VIII",25KEESEP $80K / 24KEENOV $175K,N/A 2026 / $75K 2023,$75K 2026 / $25K 2023
31,C,Authentic,KY,,,1/8,10.1,11,34.3,49.4,,11.09,24.58,39.73,7,1.13,7 mph TW,78°,,Fair,3,"Marcial Galan, Agent",HB,$15K 2026 / $60K 2023,$10K 2026 / $10K 2023
32,F,Epicenter,KY,,,1/8,10,10.4,33.2,48.3,,10.82,23.48,38.67,2,0.5,8 mph TW,81°,,Fair,1,"Top Line Sales LLC, Agent XIII",25KEESEP $75K,$25K 2026 / $45K 2023,$5K 2026 / $20K 2023
33,C,Army Mule,KY,,,1/8,10,10.4,33.2,48,,10.96,23.48,38.17,3.8,0.83,9 mph CW,82°,,Fair,1,"Kings Equine, Agent IV",25KEESEP $50K / 24KEENOV ($145K),$25K 2026 / $12.5K 2023,$15K 2026 / $60K 2023
34,C,Early Voting,KY,,,1/4,23,12.2,35.2,50.2,01:06.2,,12.52,27.48,2,0.5,3 mph TW,70°,,Fair,3,"Pick View LLC, Agent XVIII",25FTKOCT ($50K) / 24KEENOV ($60K),$12.5K 2026 / $25K 2023,$110K 2026 / $110K 2023
35,F,Bolt d'Oro,KY,,,1/8,10.2,11,34,48.1,,11.12,23.78,37.85,1.86,0.45,4 mph CW,82°,,Fair,18,Twelve Toes LLC,HB,$25K 2026 / $35K 2023,$7.5K 2026 / $7.5K 2023
36,F,Mandaloun,KY,,,,,,,,,,,,3.67,0.79,,,,,17,"Caliente Thoroughbreds, Agent XVIII",25KEESEP $60K,$10K 2026 / $25K 2023,$10K 2026 / $15K 2023
37,F,Dialed In,OH,,,,,,,,,,,,6.43,0.92,,,,,14,"Grade One Investments LLC, Agent IV",25KEESEP $120K,$10K 2026 / $15K 2023,$75K 2026 / $30K 2023
38,C,Epicenter,NY,,,1/8,10.3,11.1,35.2,50.2,,11.39,24.92,39.98,1.67,0.33,6 mph CW,79°,,Fair,13,"First Call, Agent I",25FTKOCT $57K,$25K 2026 / $45K 2023,$25K 2026 / $50K 2023
39,F,Practical Joke,KY,,,1/8,10.1,10.3,33.1,47.1,,10.78,23.19,37.1,3,0.67,0 mph,61°,,Fair,1,"Top Line Sales LLC, Agent XXXVIII",25KEESEP $45K,$75K 2026 / $25K 2023,$100K 2026 / $15K 2023
40,C,DRAIN THE CLOCK,NY,,,1/8,10,11.1,34,48.3,,11.25,24.19,38.65,7,0.92,3 mph CW,81°,,Fair,12,"Thorostock LLC, Agent I",25SARAUG $50K / 24FTNMIX ($19K),$10K 2026 / $10K 2023,N/A 2026 / $7.5K 2023
41,C,Mo Donegal,KY,,,,,,,,,,,,3,0.58,,,,,13,Wildheart Thoroughbreds LLC,25KEESEP $20K,$5K 2026 / $20K 2023,$60K 2026 / $100K 2023
42,C,AUTHENTIC,KY,,4 / 42,1/4,21.1,,,,,,,,6,0.93,,,,,10,"Tom McCrocklin, Agent",25FTKJUL $95K,$15K 2026 / $60K 2023,$75K 2026 / $30K 2023
43,F,Constitution,KY,,,1/8,10.2,11,34.1,48,,11.19,23.87,37.79,2.43,0.5,5 mph TW,78°,,Fair,15,Golden Thoroughbreds Training and Sales,25KEESEP $20K,$110K 2026 / $110K 2023,$25K 2026 / $12.5K 2023
44,C,Munnings,KY,,,,,,,,,,,,1.67,0.38,,,,,3,"J V C Training and Sales, Agent I",25KEESEP $200K,$45K 2026 / $100K 2023,$2.5K 2026 / $2.5K 2023
45,F,Greatest Honour,KY,,,1/8,10.2,11,34.2,48.3,,11.1,24.17,38.23,4,0.8,9 mph TW,81°,,Fair,16,Speedy Gonzalez,25KEESEP $11K,$7.5K 2026 / $7.5K 2023,$75K 2026 / $30K 2023
46,C,DIALED IN,KY,,,,,,,,,,,,3,0.75,,,,,13,"Wildheart Thoroughbreds LLC, Agent I",25FTKOCT $26K,$10K 2026 / $15K 2023,$30K 2026 / $50K 2023
47,F,Yaupon,KY,,,1/8,10.2,11.1,34.3,49,,11.28,24.35,38.73,3,0.75,6 mph TW,82°,,Fair,5,"S B M Training and Sales, Agent",25KEEEP ($60K),$60K 2026 / $30K 2023,$25K 2026 / $45K 2023
48,F,Omaha Beach,KY,,,1/4,21.1,11.3,32.4,47,01:02.4,,11.76,25.91,3,0.8,10 mph TW,77°,,Fair,4,"Ocala Stud, Agent",HB,$75K 2026 / $30K 2023,$7.5K 2026 / $15K 2023
49,C,Omaha Beach,KY,,,1/8,10.2,10.9,33.3,47.1,,10.89,23.27,36.82,3.31,0.79,4 mph CW,81°,,Fair,14,"Winner Circle Racing Stable Corp., Agent",25KEESEP $52K,$75K 2026 / $30K 2023,$12.5K 2026 / $25K 2023
50,F,Jackie's Warrior,KY,,,1/8,10,10.3,32.4,46.3,,10.67,22.84,36.78,9,1,0 mph,62°,,Fair,6,RiceHorse Stable (Brandon & Ali Rice),25KEESEP ($35K) / 24KEENOV ($90K),$25K 2026 / $50K 2023,$7.5K 2026 / $7.5K 2023
51,F,Improbable,KY,,,,,,,,,,,,8,1.17,,,,,18,Navas Equine,25OBSOCT $25K / 25KEEJAN $5K,N/A 2026 / $25K 2023,$2K 2026 / $6.5K 2023
52,C,Vekoma,KY,,,,,,,,,,,,2.43,0.5,,,,,11,"Randy Miles, Agent VIII",25KEESEP $220K,$100K 2026 / $15K 2023,$7.5K 2026 / $7.5K 2023
53,C,SHANCELOT,KY,,,1/8,10.1,10.9,34.2,52.1,,10.98,24.22,42.1,0.45,-0.38,6 mph CW,78°,,Fair,3,"Pick View LLC, Agent I",25FTKOCT $27K,N/A 2026 / $7.5K 2023,$12.5K 2026 / $15K 2023
54,F,Life Is Good,KY,,,1/8,10,10.4,34,48.4,,10.92,24.12,38.98,3,0.75,8 mph TW,82°,,Fair,12,"de Meric Sales, Agent III",25KEESEP ($240K),$60K 2026 / $100K 2023,$7.5K 2026 / $15K 2023
55,F,American Pharoah,KY,,,1/8,10,10.4,33.3,48.2,,10.91,23.66,38.46,1.29,0.38,4 mph TW,75°,,Fair,12,"de Meric Sales, Agent III",25KEESEP ($140K),"$25,850 2026 / $60K 2023",$12.5K 2026 / $10K 2023
56,F,Omaha Beach,FL,,,1/4,20.4,11.8,32.2,47.1,01:04.3,,11.73,26.48,2,0.5,4 mph CW,70°,,Fair,10,"Tom McCrocklin, Agent",HB,$75K 2026 / $30K 2023,$10K 2026 / $10K 2023
57,C,Army Mule,KY,,,1/8,9.4,10.7,32.3,46.4,,10.58,22.93,37.15,2.2,0.56,0 mph,64°,,Fair,12,"Thorostock LLC, Agent I",25KEESEP $95K,$25K 2026 / $12.5K 2023,$25K 2026 / $30K 2023
58,F,Curlin's Honor,NY,,,1/8,10.2,11.8,35.1,50,,11.64,24.85,39.79,3,0.63,5 mph CW,82°,,Fair,2,"On Point Training & Sales, Agent",HB,$2.5K 2026 / $2.5K 2023,$10K 2026 / $12.5K 2023
59,C,Omaha Beach,KY,,,1/4,21.1,11.3,32.4,46.4,01:02.3,,11.76,25.67,4.5,0.86,6 mph TW,70°,,Fair,17,J & R Thoroughbreds LLC,25KEESEP ($55K) / 24KEENOV ($37K),$75K 2026 / $30K 2023,$25K 2026 / $50K 2023
60,C,Omaha Beach,KY,,,1/8,9.4,10.8,33.3,50,,10.79,23.92,40.35,3,0.64,9 mph TW,83°,,Fair,5,"Hartley / DeRenzo Thoroughbreds LLC, Agent II",HB,$75K 2026 / $30K 2023,$12.5K 2026 / $15K 2023
61,C,Maclean's Music,KY,,,1/8,10.1,11.1,34.3,52,,11.26,24.59,41.92,7,0.92,9 mph TW,77°,,Fair,2,"Richardson Bloodstock, Agent II",25KEESEP $50K,$30K 2026 / $50K 2023,$20K 2026 / $35K 2023
62,C,Corniche,KY,,,,,,,,,,,,3,0.5,,,,,11,"Randy Miles, Agent VIII",25KEESEP $230K / 25KEEJAN $100K,$15K 2026 / $30K 2023,N/A 2026 / $15K 2023
63,F,Epicenter,KY,,,1/8,10.1,10.3,33.1,47.1,,10.73,23.17,37.1,2.11,0.57,8 mph TW,74°,,Fair,18,"Twelve Toes LLC, Agent I",25KEESEP ($45K),$25K 2026 / $45K 2023,$10K 2026 / $10K 2023
64,C,MYSTIC GUIDE,KY,,,1/8,10.1,11,34.2,49.2,,11.14,24.23,39.35,2.11,0.5,5 mph TW,78°,,Fair,7,"Julie Davies LLC, Agent X",25FTSAUG $150K / 24KEENOV $120K,$7.5K 2026 / $15K 2023,$5K 2026 / $20K 2023
65,C,EARLY VOTING,KY,,,1/8,10.1,10.9,34.1,49.4,,10.92,24.17,39.79,3.8,0.83,0 mph,64°,,Fair,10,"S G V Thoroughbreds LLC (Steven Venosa), Agent",25FTKJUL $170K,$12.5K 2026 / $25K 2023,$50K 2026 / $40K 2023
66,C,Roadster,FL,,,1/8,10.1,10.9,34,49.1,,10.87,23.96,39.03,3,0.75,6 mph TW,77°,,Fair,17,Dark Star Thoroughbreds (Stori Atchison),24KEENOV $25K,$7.5K 2026 / $7.5K 2023,$25K 2026 / $50K 2023
67,C,KEEPMEINMIND,NY,,,1/8,10.3,10.9,33.4,47,,10.98,23.23,36.54,3,0.75,5 mph TW,81°,,Fair,1,"Kings Equine, Agent",25SARAUG ($37K) / 24KEENOV ($47K) / 24FTDJUL $28K,$2K 2026 / $6.5K 2023,$100K 2026 / $15K 2023
68,F,Drain the Clock,KY,,,1/8,10.2,11.1,34.4,50.1,,11.23,24.48,39.98,3,0.75,8 mph TW,75°,,Fair,15,"Goldencents Thoroughbreds, Agent I",25KEESEP $9K,$10K 2026 / $10K 2023,$250K 2026 / $135K 2023
69,C,Central Banker,NY,,,,,,,,,,,,3,0.7,,,,,13,"McMahon of Saratoga Thoroughbreds LLC, Agent",HB,$7.5K 2026 / $7.5K 2023,$175K 2026 / $55K 2023
70,F,Nashville,NY,,,1/8,9.4,10.9,33.1,48,,10.81,23.54,38.23,3,0.75,5 mph CW,67°,,Fair,15,"Triple C Sales, Agent",25KEESEP $17K / 25FTKFEB $40K,$12.5K 2026 / $15K 2023,$25K 2026 / $45K 2023
71,F,Nashville,KY,,,1/8,9.4,10.8,33,47,,10.6,23.22,37.29,3.57,0.88,12 mph TW,77°,,Fair,16,"RM Stables LLC, Agent I",25KEESEP $45K,$12.5K 2026 / $15K 2023,$50K 2026 / $40K 2023
72,F,Mystic Guide,KY,,,,,,,,,,,,2.27,0.5,,,,,14,"Little Farm Equine LLC, Agent I",25FTKOCT ($28K),$7.5K 2026 / $15K 2023,$60K 2026 / $30K 2023
73,C,Frosted,KY,,,1/8,10.2,11.2,35.2,52.1,,11.46,25.09,41.84,4,0.7,10 mph CW,80°,,Fair,16,Blas Perez Stables,25KEESEP $22K / 25KEEJAN ($9K),$12.5K 2026 / $10K 2023,$12.5K 2026 / $10K 2023
74,F,Drain the Clock,WV,,,1/8,10.1,10.9,33.4,48.4,,10.95,23.73,38.67,3.67,0.64,0 mph,65°,,Fair,17,"My Little Stable Racing, Inc., Agent IV",25FTKFEB $14K,$10K 2026 / $10K 2023,$15K 2026 / $30K 2023
75,F,Golden Pal,NY,,,1/8,10.1,11,33.4,48.2,,11.01,23.79,38.23,3,0.5,7 mph TW,83°,,Fair,9,"Sequel Bloodstock, Agent I",HB,$25K 2026 / $30K 2023,2.5K CAN$ 2026 / N/A 2023
76,F,VOLATILE,KY,,,1/8,10.4,11,34.2,48.3,,11.11,23.6,37.92,5,0.83,4 mph CW,82°,,Fair,3,"Pick View LLC, Agent V",25FTKJUL ($10K) / 25KEEJAN ($7K),$10K 2026 / $12.5K 2023,$25K 2026 / $12.5K 2023
77,F,JACKIE'S WARRIOR,KY,,,1/8,10.1,10.9,33.4,48.2,,10.92,23.64,38.21,7,0.75,1 mph TW,63°,,Fair,18,"Twelve Toes LLC, Agent I",25FTKJUL ($190K) / 24FTKNOV $90K,$25K 2026 / $50K 2023,$12.5K 2026 / $15K 2023
78,C,NASHVILLE,KY,,,1/8,10,10.4,34.2,50.3,,10.98,24.48,40.73,3,0.67,5 mph TW,70°,,Fair,1,"Top Line Sales LLC, Agent XXXI",25FTKOCT $110K,$12.5K 2026 / $15K 2023,$10K 2026 / $10K 2023
79,F,Olympiad,KY,,,,,,,,,,,,3.8,0.75,,,,,4,"Golden Woods Thoroughbreds, Agent",25KEESEP $25K,$20K 2026 / $35K 2023,$175K 2026 / $55K 2023
80,C,Knicks Go,KY,,,1/8,9.4,10.9,32.4,47,,10.83,23.19,37.29,5,0.92,6 mph TW,77°,,Fair,3,"Rivera Training and Sales, Agent I",HB,N/A 2026 / $15K 2023,$60K 2026 / $30K 2023
81,C,Munnings,KY,,,1/8,9.4,10.9,33.4,50.1,,10.88,24.12,40.4,3,0.8,0 mph,62°,,Fair,18,GOP Racing Stable Corp.,25KEESEP $50K,$45K 2026 / $100K 2023,$15K 2026 / $45K 2023
82,C,Drain the Clock,KY,,,,,,,,,,,,7,0.75,,,,,14,"Grade One Investments LLC, Agent VI",25KEESEP $85K / 25FTKFEB $45K / 25KEEJAN ($14K),$10K 2026 / $10K 2023,100K 2026 / 175K 2023
83,F,Mo Donegal,LA,,,1/8,10.1,10.9,34.1,48.3,,10.92,24.17,38.54,1.86,0.3,9 mph CW,79°,,Fair,3,Empire Bloodstock LLC,25TTAYRL $5K / 25KEEJAN $7K,$5K 2026 / $20K 2023,$30K 2026 / $25K 2023
84,F,LIAM'S MAP,KY,,,,,,,,,,,,5,0.75,,,,,11,"Randy Miles, Agent I",25FTKOCT ($95K) / 24KEENOV $27K,$50K 2026 / $40K 2023,$250K 2026 / $135K 2023
85,F,Charlatan,KY,,,1/8,10,10.4,34.2,51,,10.91,24.55,41.04,4,0.8,2 mph TW,83°,,Fair,1,"Top Line Sales LLC, Agent XXV",25KEESEP $110K / 24KEENOV $65K,$25K 2026 / $50K 2023,$7.5K 2026 / $7.5K 2023
86,F,Vekoma,KY,,,1/8,9.4,10.8,32.4,46.3,,10.73,23.06,36.8,9,0.9,0 mph,62°,,Fair,1,"Kings Equine, Agent",25KEESEP $100K / 24KEENOV $105K,$100K 2026 / $15K 2023,$15K 2026 / $60K 2023
87,F,Not This Time,KY,,,1/8,10.1,10.9,34,49,,10.84,23.98,38.96,1.22,0.1,1 mph CW,69°,,Fair,12,"de Meric Sales, Agent VII",HB,$250K 2026 / $135K 2023,$15K 2026 / $20K 2023
88,C,Nyquist,KY,,,1/8,9.4,10.8,32.4,47,,10.67,23.16,37.35,0.6,-0.25,9 mph TW,75°,,Fair,5,"Wavertree Stables, Inc. (Ciaran Dunne), Agent X",25KEESEP $170K,$175K 2026 / $55K 2023,$5K 2026 / $20K 2023
89,C,Noble Bird,LA,,,1/8,10,11,33.2,47.3,,11.06,23.48,37.73,3,0.67,10 mph TW,79°,,Fair,10,"S G V Thoroughbreds LLC (Steven Venosa), Agent",25OBSWIN ($12K),N/A 2026 / $3K 2023,$7.5K 2026 / $7.5K 2023
90,F,Epicenter,KY,,,,,,,,,,,,1.86,0.5,,,,,7,"Julie Davies LLC, Agent VIII",25KEESEP ($90K),$25K 2026 / $45K 2023,$175K 2026 / $55K 2023
91,F,Maxfield,KY,,,,,,,,,,,,3,0.5,,,,,1,"Top Line Sales LLC, Agent XIX",25KEESEP $200K / 24FTKNOV ($115K),$50K 2026 / $40K 2023,$15K 2026 / $45K 2023
92,C,Yaupon,KY,,,1/8,10,10.4,33.3,48.3,,10.83,23.79,38.79,3,1,6 mph TW,78°,,Fair,17,"Caliente Thoroughbreds, Agent XVI",25KEESEP ($95K),$60K 2026 / $30K 2023,$2.5K 2026 / $2.5K 2023
93,F,GOLDEN PAL,KY,,,,,,,,,,,,Infinite,1,,,,,8,"Paul Sharp, Agent V",25FTKJUL $120K,$25K 2026 / $30K 2023,$25K 2026 / $12.5K 2023
94,C,Frosted,KY,,,1/8,10.2,11.1,34.1,47.4,,11.29,23.88,37.54,3,0.58,15 mph TW,82°,,Fair,15,"Triple C Sales, Agent",25KEESEP $20K,$12.5K 2026 / $10K 2023,$5K 2026 / $20K 2023
95,C,Corniche,KY,,,1/4,21,11.2,32.2,45.3,01:00.4,,11.54,24.67,3,0.63,0 mph,62°,,Fair,3,"Pick View LLC, Agent XXIV",25KEESEP $275K,$15K 2026 / $30K 2023,$15K 2026 / $60K 2023
96,C,Tale of Silence,KY,,,1/4,20.3,11.8,32.1,46.2,01:03.4,,11.73,25.98,1.15,0.36,9 mph CW,79°,,Fair,16,"Doble J Equine Sales, Agent I",25KEESEP $14K,2.5K CAN$ 2026 / N/A 2023,$10K 2026 / $25K 2023
97,C,Army Mule,KY,,,1/8,10.1,11,33.4,48,,11.01,23.7,37.84,3,0.75,2 mph CW,77°,,Fair,15,Two Oaks Equine,25KEESEP $15K / 24KEENOV ($7K),$25K 2026 / $12.5K 2023,$5K 2026 / $20K 2023
98,C,Nashville,NY,,,1/8,10.1,11,34,48.1,,11.06,23.98,38.09,4,0.8,12 mph TW,78°,,Fair,10,"Flynt Fesmire, Agent I",25KEESEP $50K,$12.5K 2026 / $15K 2023,$7.5K 2026 / $15K 2023
99,F,DRAIN THE CLOCK,NY,,,1/4,21.2,11.9,33.1,47.3,01:04.0,,11.97,26.29,4,0.7,0 mph,61°,,Fair,4,"Ocala Stud, Agent",25SARAUG $40K / 24FTNMIX $70K,$10K 2026 / $10K 2023,$25K 2026 / $50K 2023
100,F,Nyquist,KY,,,1/8,10.1,11,34.3,49.4,,11.17,24.54,39.67,Infinite,1.17,4 mph CW,83°,,Fair,11,"Scanlon Training & Sales, Agent II",25KEESEP ($200K),$175K 2026 / $55K 2023,$7.5K 2026 / $7.5K 2023
101,C,Omaha Beach,KY,,,1/8,10,11,34,48.3,,11.01,24.09,38.78,3,0.64,2 mph TW,62°,,Fair,7,"Julie Davies LLC, Agent IV",25OBSWIN ($47K) / 24KEENOV $7K,$75K 2026 / $30K 2023,$110K 2026 / $110K 2023
102,C,Yaupon,KY,,,1/8,10.1,11,34.2,50.3,,11.01,24.22,40.57,3,1,3 mph TW,71°,,Slow,3,"Mayberry Farm, Agent II",25KEESEP $75K,$60K 2026 / $30K 2023,$25K 2026 / $30K 2023
103,C,Jack Christopher,KY,,,1/8,10.1,10.9,34,47.4,,10.96,23.92,37.73,4.33,0.63,5 mph TW,76°,,Fair,11,"Randy Miles, Agent V",25KEESEP ($140K),$15K 2026 / $45K 2023,$35K 2026 / $60K 2023
104,C,No Nay Never,IRE,,,1/8,10,10.4,33.3,47.4,,10.93,23.78,37.92,0.91,0.09,5 mph TW,74°,,Fair,10,"S G V Thoroughbreds LLC (Steven Venosa), Agent","25ARAUG $152,167",100K 2026 / 175K 2023,$15K 2026 / $30K 2023
105,C,Awesome Slew,FL,,,,,,,,,,,,3,0.71,,,,,6,RiceHorse Stable (Brandon & Ali Rice),HB,$4K 2026 / $4K 2023,$10K 2026 / $10K 2023
106,C,Girvin,KY,,,1/8,10.2,11,34,47.3,,11.04,23.67,37.23,3,0.63,7 mph TW,78°,,Fair,6,"RiceHorse Stable (Brandon & Ali Rice), Agent IV",25KEESEP $55K,$30K 2026 / $25K 2023,$12.5K 2026 / $5K 2023
107,C,Not This Time,KY,,,1/4,21.3,12,33.3,47.3,01:03.0,,12.11,26.11,1.8,0.29,4 mph TW,63°,,Fair,10,"Tom McCrocklin, Agent XI",25KEESEP $150K,$250K 2026 / $135K 2023,$25K 2026 / $50K 2023
108,C,Jack Christopher,KY,,,,,,,,,,,,2,0.33,,,,,15,"Goldencents Thoroughbreds, Agent",25KEESEP $4K,$15K 2026 / $45K 2023,$20K 2026 / $35K 2023
109,F,PINEHURST,NY,,,1/8,10.1,11,35,53.1,,11.07,24.96,43.17,2.33,0.5,10 mph TW,83°,,Fair,18,Navas Equine,25SARAUG $26K / 24FTNMIX $30K,$7.5K 2026 / $7.5K 2023,$15K 2026 / $30K 2023
110,C,Authentic,KY,,,1/8,10,10.4,33.3,48.3,,10.85,23.71,38.78,3,0.5,4 mph CW,68°,,Fair,18,Kae Vazquez Stables LLC,25FTKOCT $30K,$15K 2026 / $60K 2023,$75K 2026 / $25K 2023
111,F,Midshipman,KY,,,1/8,10.1,10.9,33.4,48.2,,10.97,23.79,38.35,6.33,0.86,4 mph TW,63°,,Fair,3,"J V C Training and Sales, Agent IV",25FTKOCT $40K,$15K 2026 / $20K 2023,$25K 2026 / $12.5K 2023
112,C,Mo Donegal,NY,,,1/8,10.2,11,34.2,48.1,,11.18,24.04,37.98,3,0.58,3 mph CW,83°,,Fair,17,"My Little Stable Racing, Inc., Agent I",HB,$5K 2026 / $20K 2023,$7.5K 2026 / $7.5K 2023
113,C,Roadster,FL,,,1/8,10.2,11,34.4,50,,11.1,24.52,39.6,3,0.88,11 mph TW,77°,,Fair,14,"Wade Russell Racing LLC, Agent",25OBSOCT $24K,$7.5K 2026 / $7.5K 2023,$12.5K 2026 / $10K 2023
114,C,NYQUIST,MD,,,1/8,10.2,11,34.2,48.2,,11.19,24.17,38.17,3,0.67,0 mph,63°,,Fair,11,"Scanlon Training & Sales, Agent",25EASOCT $370K,$175K 2026 / $55K 2023,$25K 2026 / $30K 2023
115,F,Vino Rosso,KY,,,1/8,10,10.3,33,47.3,,10.62,23.17,37.73,3,0.63,10 mph TW,83°,,Fair,17,"30-30 Ranch, Agent",25KEESEP $9K,$7.5K 2026 / $15K 2023,$75K 2026 / $25K 2023
116,C,Jack Christopher,KY,,,,,,,,,,,,2.56,0.5,,,,,5,"Wavertree Stables, Inc. (Ciaran Dunne), Agent I",25KEESEP $250K,$15K 2026 / $45K 2023,$10K 2026 / $20K 2023
117,F,Jack Christopher,KY,,,1/8,10,11,35.1,52.1,,11.17,25.36,42.34,3.8,0.67,0 mph,65°,,Fair,11,"Randy Miles, Agent X",25KEESEP ($35K),$15K 2026 / $45K 2023,$25K 2026 / $75K 2023
118,C,Curlin's Honor,FL,,,,,,,,,,,,3.67,0.64,,,,,18,"Golden Noguez, Agent II",25OBSOCT ($8K),$2.5K 2026 / $2.5K 2023,$100K 2026 / $15K 2023
119,C,Army Mule,LA,,,,,,,,,,,,6,0.93,,,,,2,"Richardson Bloodstock, Agent I",25TTAYRL $50K / 25OBSWIN $45K,$25K 2026 / $12.5K 2023,$3K 2023 / $3K 2023
120,F,Global Campaign,ON,,,1/8,10.1,10.9,33.3,47.3,,10.91,23.51,37.53,3.44,0.7,5 mph TW,70°,,Slow,6,"McKathan Bros. Sales, Agent I",HB,N/A 2026 / $10K 2023,$15K 2026 / $30K 2023
121,C,Mo Donegal,KY,,,1/4,22.2,11.9,34.1,47.4,01:03.4,,11.85,25.5,3,0.57,7 mph TW,84°,,Fair,10,"Flynt Fesmire, Agent II",25KEESEP $17K / 24KEENOV $32K,$5K 2026 / $20K 2023,$7.5K 2026 / $25K 2023
122,F,Authentic,KY,,,1/8,10.3,11.1,35,49,,11.3,24.41,38.48,3.8,0.67,1 mph TW,63°,,Fair,2,On Point Training & Sales,25KEESEP $27K,$15K 2026 / $60K 2023,$6.5K 2026 / $10K 2023
123,C,MANDALOUN,KY,,,1/4,21,11.3,32.3,46,01:00.4,,11.72,25.1,7,1,12 mph CW,79°,,Fair,10,"Tom McCrocklin, Agent VII",25FTSAUG $90K,$10K 2026 / $25K 2023,$40K 2026 / $75K 2023
124,C,MO DONEGAL,KY,,,1/8,9.4,10.9,33.3,48.4,,10.89,23.98,39.17,3,0.7,8 mph CW,69°,,Fair,14,A. G. Sales,25FTKJUL $20K / 25KEEJAN ($47K),$5K 2026 / $20K 2023,$15K 2026 / $30K 2023
125,C,MYSTIC GUIDE,KY,,,1/8,10.2,11.1,34.3,49.4,,11.22,24.39,39.48,2.2,0.5,7 mph TW,83°,,Fair,13,"Blue Sapphire Stables, Agent V",25FTKOCT $15K / 25KEEJAN ($47K),$7.5K 2026 / $15K 2023,$15K 2026 / $30K 2023
126,C,Charlatan,KY,,,1/8,10,10.2,32.4,47.4,,10.47,22.98,37.98,3.36,0.75,5 mph CW,82°,,Fair,6,"Britton Peak, Agent I",25KEESEP $55K / 24KEENOV $40K,$25K 2026 / $50K 2023,$10K 2026 / $12.5K 2023
127,F,Highly Motivated,MN,,,1/8,10.1,11,34,48.3,,11.09,23.88,38.53,3,0.5,0 mph,62°,,Fair,14,"Little Farm Equine LLC, Agent I",25OBSOCT ($27K) / 24KEENOV $3K,$7.5K 2026 / $7.5K 2023,$6.5K 2026 / $10K 2023
128,C,Constitution,KY,,,1/8,10.4,11.8,35.2,50.3,,11.67,24.73,39.85,4.33,0.88,9 mph TW,81°,,Fair,18,GOP Racing Stable Corp.,25KEESEP $25K,$110K 2026 / $110K 2023,$10K 2026 / $15K 2023
129,C,Golden Pal,KY,,,1/8,10,10.4,33.2,48,,10.89,23.52,38.17,1.29,0.13,10 mph TW,81°,,Fair,11,"Randy Miles, Agent VIII",25KEESEP $120K / 25FTKFEB $30K / 24KEENOV $7K,$25K 2026 / $30K 2023,$75K 2026 / $30K 2023
130,F,City of Light,KY,,,1/8,10.3,11,34.1,48.2,,11.08,23.73,37.85,3,0.63,5 mph CW,70°,,Fair,5,"S B M Training and Sales, Agent",25KEESEP $50K,$35K 2026 / $60K 2023,$10K 2026 / $10K 2023
131,F,Cyberknife,KY,,,1/4,21.1,11.3,32.4,46,01:00.4,,11.64,24.85,4.6,0.79,3 mph TW,66°,,Fair,17,30-30 Ranch,25KEESEP $15K / 24KEENOV $55K,$15K 2026 / $30K 2023,$5K 2026 / $20K 2023
132,C,DRAIN THE CLOCK,NY,,,1/8,9.4,10.8,32.3,46.1,,10.71,22.88,36.48,7,0.75,2 mph TW,63°,,Fair,12,"de Meric Sales, Agent I",25SARAUG $145K / 24FTNMIX $120K,$10K 2026 / $10K 2023,$50K 2026 / $40K 2023
133,F,Colonel Liam,FL,,,1/4,21.3,11.9,33.2,47.2,01:02.3,,11.98,25.82,19,1.1,5 mph CW,82°,,Fair,4,Ocala Stud,HB,$6.5K 2026 / $6.5K 2023,$20K 2026 / $35K 2023
134,F,Bucchero,FL,,,,,,,,,,,,3,0.75,,,,,15,"Sweet River Thoroughbreds, Agent I",24FTDDE $5K,$12.5K 2026 / $5K 2023,$20K 2026 / $7.5K 2023
135,C,Jackie's Warrior,NY,,,1/8,9.4,10.7,33,49.4,,10.59,23.38,40.04,3,0.5,2 mph CW,61°,,Fair,9,"Sequel Bloodstock, Agent for Chester Broman",HB,$25K 2026 / $50K 2023,$7.5K 2026 / $6K 2023
136,F,Hard Spun,KY,,,1/8,10.1,11.1,34.4,52,,11.32,24.6,41.85,2.43,0.58,8 mph TW,80°,,Fair,14,Great Destiny,25KEESEP $12K,$20K 2026 / $35K 2023,$10K 2026 / $15K 2023
137,F,Cyberknife,KY,,,1/8,10.1,10.9,34.3,51.1,,10.99,24.41,41.1,2.43,0.58,9 mph CW,83°,,Fair,16,"Blas Perez Stables, Agent I",25OBSOCT ($85K) / 25KEESEP ($90K),$15K 2026 / $30K 2023,$7.5K 2026 / $7.5K 2023
138,C,Practical Joke,FL,,,1/4,20.4,11.9,32.3,47.3,01:06.2,,11.94,26.87,7,1,8 mph TW,79°,,Fair,10,"Tom McCrocklin, Agent IX",HB,$75K 2026 / $25K 2023,$25K 2026 / $50K 2023
139,C,Army Mule,AR,,,1/8,9.3,10.8,32.4,47.4,,10.63,23.34,38.21,3,0.79,5 mph TW,72°,,Slow,2,"Cesar Loya Training & Sales, Agent",25TTAYRL $57K,$25K 2026 / $12.5K 2023,$45K 2026 / $100K 2023
140,F,Highly Motivated,KY,,,1/8,10.2,11.1,35,50,,11.39,24.67,39.79,3,0.67,4 mph CW,71°,,Fair,13,Marco Hernandez Stables LLC,25KEESEP $9K / 25FTKFEB ($7K),$7.5K 2026 / $7.5K 2023,$12.5K 2026 / $15K 2023
141,C,FROSTED,NY,,,1/8,10.1,12.1,NaN,NaN,,12.29,NA,NA,5.67,0.9,8 mph TW,81°,*REIGNS BROKE*,Fair,18,Kae Vazquez Stables LLC,25FTKOCT $20K,$12.5K 2026 / $10K 2023,2.5K CAN$ 2026 / N/A 2023
142,C,Golden Pal,KY,,,1/8,10.2,11,34.1,48.3,,11.06,23.87,38.39,7,1,4 mph TW,66°,,Fair,14,"Winner Circle Racing Stable Corp., Agent",25FTKOCT $50K,$25K 2026 / $30K 2023,$7.5K 2026 / $7.5K 2023
143,C,PRACTICAL JOKE,KY,,,1/8,9.4,10.9,34.1,50.1,,10.98,24.48,40.54,0,0,4 mph TW,79°,,Fair,11,"Scanlon Training & Sales, Agent",25FTSAUG $350K / 24FTKNOV $250K,$75K 2026 / $25K 2023,$125K 2026 / $50K 2023
144,C,Speaker's Corner,KY,,,,,,,,,,,,4.33,0.88,,,,,2,"L. G., Agent I",25FTKFEB $50K,$10K 2026 / $20K 2023,$20K 2026 / $35K 2023
145,C,Blame,KY,,,1/8,10,10.4,33.3,48.1,,10.98,23.71,38.29,1.67,0.33,7 mph CW,83°,,Fair,14,"Omar Ramirez Bloodstock, Agent XXV",25KEESEP $13K,$25K 2026 / $25K 2023,$15K 2026 / $30K 2023
146,C,ESSENTIAL QUALITY,NY,,,1/4,21.1,11.2,32.3,46,01:01.0,,11.48,24.81,3.57,0.69,9 mph TW,75°,,Fair,4,"Ocala Stud, Agent",25SARAUG $220K,$25K 2026 / $75K 2023,$10K 2026 / $7.5K 2023
147,F,VEKOMA,FL,,,1/8,10,10.4,33.1,48,,10.83,23.23,38.04,3,0.5,10 mph TW,82°,,Fair,15,CM Thoroughbreds,25KEEJAN ($70K),$100K 2026 / $15K 2023,$10K 2026 / $25K 2023
148,C,Mandaloun,KY,,,,,,,,,,,,3,0.75,,,,,11,"Randy Miles, Agent VIII",25KEESEP $260K / 24KEENOV $110K,$10K 2026 / $25K 2023,$75K 2026 / $25K 2023
149,F,Gretzky the Great,FL,,,1/8,10.1,10.9,33.3,48.2,,10.87,23.5,38.35,3,0.81,7 mph TW,76°,,Fair,18,"GOP Racing Stable Corp., Agent V",25OBSOCT $30K,$3K 2023 / $3K 2023,$5K 2026 / $10K 2023
150,C,Drain the Clock,KY,,,1/8,10,10.4,33.4,49.2,,10.8,23.98,39.48,4,0.7,0 mph,61°,,Fair,11,"Randy Miles, Agent VIII",25KEESEP $140K / 24KEENOV $30K,$10K 2026 / $10K 2023,$7.5K 2026 / $10K 2023
151,F,Cyberknife,KY,,,,,,,,,,,,7,0.85,,,,,7,"Hoppel LLC, Agent XXV",25FTKOCT $70K,$15K 2026 / $30K 2023,$60K 2026 / $30K 2023
152,F,Audible,KY,,,1/8,10.2,10.9,33.3,47.2,,10.92,23.35,37.02,3,0.5,11 mph TW,77°,,Fair,15,Nice and Easy Thoroughbreds,25KEESEP $13K / 24KEENOV $35K,$7.5K 2026 / $25K 2023,$25K 2026 / $45K 2023
153,F,Aloha West,KY,,,1/8,10,10.4,33.4,48.3,,10.92,23.87,38.79,3,0.69,7 mph TW,80°,,Fair,14,"Little Farm Equine LLC, Agent I",25KEESEP ($27K) / 24KEENOV $17K,$6.5K 2026 / $10K 2023,2.5K CAN$ 2026 / N/A 2023
154,C,Street Sense,NY,,,,,,,,,,,,3,0.7,,,,,12,"de Meric Sales, Agent I",25FTKOCT $60K,$40K 2026 / $75K 2023,$3.5K 2026 / $3.5K 2023
155,C,CYBERKNIFE,KY,,,1/8,10.3,11.1,35,49.4,,11.38,24.54,39.35,2,0.5,12 mph TW,82°,,Fair,10,"S G V Thoroughbreds LLC (Steven Venosa), Agent",25FTKJUL $60K,$15K 2026 / $30K 2023,$75K 2026 / $25K 2023
156,C,Cyberknife,KY,,,1/8,10.3,11,34.3,48.2,,11.15,24.09,37.96,3,0.67,2 mph TW,84°,,Fair,15,CM Thoroughbreds,25KEESEP ($35K) / 25KEEJAN $42K,$15K 2026 / $30K 2023,$10K 2026 / $12.5K 2023
157,C,Volatile,NY,,,1/8,10,10.4,33.3,48,,10.87,23.68,38.1,13,1.07,12 mph TW,79°,,Fair,9,"Sequel Bloodstock, Agent III",HB,$10K 2026 / $12.5K 2023,$30K 2026 / $25K 2023
158,F,Aloha West,KY,,,1/8,10.3,11.7,35.1,49.3,,11.58,24.62,39.17,3,0.67,8 mph TW,77°,,Fair,5,"S B M Training and Sales, Agent I",HB,$6.5K 2026 / $10K 2023,$7.5K 2026 / $5K 2023
159,F,Mitole,KY,,,1/8,10.2,11.1,34.3,49.1,,11.35,24.35,38.9,2.11,0.57,8 mph TW,83°,,Fair,1,"Sugar Hill LLC, Agent",25OBSOCT $15K / 24KEENOV $15K,$10K 2026 / $15K 2023,$7.5K 2026 / $7.5K 2023
160,C,Omaha Beach,KY,,,1/8,10.2,11,34.3,49,,11.07,24.29,38.79,6.43,0.88,5 mph CW,69°,,Fair,7,"Julie Davies LLC, Agent XIV",24KEENOV $77K,$75K 2026 / $30K 2023,$15K 2026 / $60K 2023
161,C,DRAIN THE CLOCK,KY,,,1/8,10,10.4,33.4,48,,10.96,23.82,38.09,5,0.83,4 mph CW,77°,,Fair,10,"S G V Thoroughbreds LLC (Steven Venosa), Agent",25FTKJUL $125K / 25FTKFEB $100K / 24KEENOV $47K,$10K 2026 / $10K 2023,$25K 2026 / $75K 2023
162,F,Mo Donegal,IN,,,1/8,10.1,11,33.2,46.4,,11.1,23.38,36.67,4,0.8,8 mph TW,76°,,Fair,9,Potrero Stables,24KEENOV $5K,$5K 2026 / $20K 2023,$7.5K 2026 / $7.5K 2023
163,F,Liam's Map,KY,,,1/8,10.1,10.9,34.1,49.1,,10.99,24.1,39.17,15,1,8 mph TW,77°,,Fair,18,Navas Equine,25KEESEP $52.5K,$50K 2026 / $40K 2023,N/A 2026 / $150K 2023
164,C,Hard Spun,KY,,,1/8,10.1,11.1,35,50.1,,11.26,24.87,40.17,2.64,0.6,7 mph CW,83°,,Fair,10,"S G V Thoroughbreds LLC (Steven Venosa), Agent",25KEESEP $12K,$20K 2026 / $35K 2023,N/A 2026 / $6.5K 2023
165,F,Maximus Mischief,KY,,,1/8,10,10.3,33.3,49.1,,10.79,23.62,39.29,3,0.5,0 mph,64°,,Fair,14,"Omar Ramirez Bloodstock, Agent XX",25OBSWIN $12K / 24KEENOV $2.2K,$20K 2026 / $7.5K 2023,$7.5K 2026 / $7.5K 2023
166,U,zz blank page 1,,,,,,,,,,,,,,,,,,,,Blank Pages,,,$3.5K 2026 / $2.5K 2023
167,C,Beau Liam,FL,,,1/4,21.3,11.9,33.2,47.1,01:03.3,,11.92,25.76,5.4,0.94,9 mph TW,76°,,Fair,10,"Tom McCrocklin, Agent",HB,$7.5K 2026 / $6K 2023,$5K 2026 / $10K 2023
168,F,Mitole,KY,,,1/4,20.3,11.8,32.1,46,01:02.1,,11.63,25.51,0.87,0,3 mph TW,82°,,Fair,17,"White Lilac (Katie Miranda), Agent I",25KEESEP $27K,$10K 2026 / $15K 2023,$5K 2026 / $10K 2023
169,C,Roadster,FL,,,1/4,21.3,12,33.3,48.2,01:04.2,,12.17,26.85,2.56,0.69,8 mph CW,83°,,Fair,4,Ocala Stud,HB,$7.5K 2026 / $7.5K 2023,$20K 2026 / $35K 2023
170,C,Charlatan,NY,,,1/8,10,10.4,33.3,49.1,,10.89,23.69,39.23,3,0.67,12 mph CW,80°,,Fair,9,"Sequel Bloodstock, Agent for Chester Broman",HB,$25K 2026 / $50K 2023,$25K 2026 / $35K 2023
171,C,Munnings,KY,,,1/4,21.3,11.9,33.2,47.2,01:05.3,,11.98,25.88,3,0.64,7 mph CW,81°,,Fair,10,"Tom McCrocklin, Agent VI",25KEESEP ($250K),$45K 2026 / $100K 2023,
172,C,NASHVILLE,KY,,,1/8,9.4,10.8,33,53.2,,10.62,23.35,43.66,2.43,0.67,11 mph TW,81°,,Fair,14,A. G. Sales,25FTKJUL $15K,$12.5K 2026 / $15K 2023,
173,F,TALE OF SILENCE,KY,,,1/8,10.2,11,33.4,48,,11.05,23.54,37.6,2.5,0.57,4 mph TW,82°,,Fair,18,"Medallion Farms, Agent",25FTKOCT $3K,2.5K CAN$ 2026 / N/A 2023,
174,F,Central Banker,NY,,,1/8,10.1,11,34,49,,11.1,23.85,38.85,3,0.75,3 mph TW,81°,,Fair,12,"de Meric Sales, Agent X",25OBSWIN $9K,$7.5K 2026 / $7.5K 2023,
175,C,Good Magic,KY,,,1/8,10.1,10.9,33.4,47.2,,10.89,23.66,37.23,3,0.6,0 mph,62°,,Fair,17,"Caliente Thoroughbreds, Agent XIII",25KEESEP $70K,$125K 2026 / $50K 2023,
176,C,Olympiad,KY,,,1/8,10.1,11,34.1,49.2,,11.15,24.06,39.35,7,0.94,3 mph CW,80°,,Slow,18,"GOP Racing Stable Corp., Agent V",25KEESEP $65K,$20K 2026 / $35K 2023,
177,C,Drain the Clock,KY,,,1/8,10,10.3,33.3,48.3,,10.78,23.68,38.79,7,0.75,3 mph TW,71°,,Slow,6,"Britton Peak, Agent I",25KEESEP $195K / 24KEENOV $75K,$10K 2026 / $10K 2023,
178,C,Corniche,FL,,,1/8,10,10.3,32.3,45.4,,10.73,22.74,35.92,3.67,0.93,5 mph TW,67°,,Fair,9,"Sequel Bloodstock, Agent VI",25OBSOCT $200K,$15K 2026 / $30K 2023,
179,F,Flameaway,KY,,,1/8,9.4,10.7,32.3,46.1,,10.54,22.85,36.48,1.8,0.57,10 mph TW,78°,,Fair,13,"Wildheart Thoroughbreds LLC, Agent II",25FTKOCT $15K,$10K 2026 / $7.5K 2023,
180,F,Munnings,KY,,,1/8,10,10.4,33.3,48.4,,10.85,23.63,38.92,3,0.67,11 mph TW,76°,,Fair,7,"Hoppel LLC, Agent XIX",25KEESEP $95K,$45K 2026 / $100K 2023,
181,F,Mandaloun,KY,,,1/8,10,10.4,33.3,48.3,,10.92,23.79,38.71,4,0.9,9 mph TW,82°,,Fair,5,"Wavertree Stables, Inc. (Ciaran Dunne), Agent I",25KEESEP $100K,$10K 2026 / $25K 2023,
182,F,PRACTICAL JOKE,KY,,,1/4,21.2,11.8,33,46.1,01:01.1,,11.71,24.98,3,0.5,1 mph CW,61°,,Fair,10,"Tom McCrocklin, Agent I",25FTKJUL $170K / 25FTKFEB $120K,$75K 2026 / $25K 2023,
183,F,Jack Christopher,KY,,,1/8,10,10.4,33.4,49.2,,10.98,23.92,39.59,1.91,0.38,0 mph,62°,,Fair,5,"Wavertree Stables, Inc. (Ciaran Dunne), Agent VIII",25KEESEP $160K / 24KEENOV $100K,$15K 2026 / $45K 2023,
184,C,TACITUS,NY,,,1/4,21.3,11.9,33.2,47.3,01:03.2,,11.87,26.15,5.4,0.81,1 mph CW,70°,,Fair,13,"Blue Sapphire Stables, Agent III",25SARAUG $20K,$5K 2026 / $10K 2023,
185,F,Jimmy Creed,KY,,,1/8,10,10.4,33.4,49.3,,10.83,23.98,39.6,4.33,0.88,9 mph TW,76°,,Fair,9,"Old South Farm LLC, Agent I",25OBSWIN $40K / 24KEENOV $12K,$7.5K 2026 / $10K 2023,
186,F,Yaupon,KY,,,1/8,10.1,11,34.4,50.3,,11.1,24.73,40.42,1.18,0.17,11 mph TW,77°,,Fair,8,"Paul Sharp, Agent I",25KEESEP $95K / 24KEENOV $55K,$60K 2026 / $30K 2023,
187,F,Happy Saver,KY,,,1/8,9.4,10.9,34.1,NaN,,10.98,24.57,-,3,0.83,9 mph TW,79°,,Fair,1,"Top Line Sales LLC, Agent XXV",25KEESEP $150K / 24KEENOV $100K,$7.5K 2026 / $12.5K 2023,
188,F,Epicenter,KY,,,1/8,9.4,10.7,32.3,46.4,,10.59,22.99,37.03,1.67,0.5,0 mph,62°,,Fair,16,"Blas Perez Stables, Agent II",25KEESEP ($35K),$25K 2026 / $45K 2023,
189,F,TALE OF SILENCE,KY,,,1/8,10,10.3,33.2,49,,10.79,23.59,39.09,2.71,0.73,0 mph,62°,,Fair,7,"Hoppel LLC, Agent XX",25FTKOCT $7K,2.5K CAN$ 2026 / N/A 2023,
190,C,Galilean,NY,,,1/8,10,10.4,33.3,48.2,,10.92,23.71,38.53,3,0.7,4 mph CW,67°,,Fair,17,"White Lilac (Katie Miranda), Agent",HB,$3.5K 2026 / $3.5K 2023,
191,F,Greatest Honour,KY,,,1/8,10.1,10.9,33.2,46.4,,10.95,23.23,36.79,3,0.67,3 mph CW,72°,,Slow,15,Maldonado Thoroughbreds,25KEESEP $30K / 25KEEJAN ($9.5K),$7.5K 2026 / $7.5K 2023,
192,C,Practical Joke,KY,,,1/8,9.4,10.9,34,50.3,,10.89,24.32,40.84,3,0.5,0 mph,63°,,Fair,5,"Hartley / DeRenzo Thoroughbreds LLC, Agent I",25KEESEP $100K,$75K 2026 / $25K 2023,
193,F,Volatile,KY,,,1/8,10.1,11,34.1,49.1,,11.15,24.04,39.07,23,1.08,0 mph,63°,,Fair,10,"Flynt Fesmire, Agent I",25KEESEP $25K,$10K 2026 / $12.5K 2023,
194,C,Girvin,LA,,,1/8,10.2,11,34.2,52.1,,11.04,24.13,41.92,3,0.5,0 mph,62°,,Fair,15,Goldencents Thoroughbreds,25OBSOCT $10K,$30K 2026 / $25K 2023,
195,C,THOUSAND WORDS,MD,,,1/8,10.2,11,34.1,49,,11.14,23.96,38.78,5.4,1,0 mph,64°,,Fair,2,"L. G., Agent I",25FTKJUL $25K,$7.5K 2026 / $5K 2023,
196,C,Roadster,FL,,,1/8,10.2,10.9,34,48,,10.98,23.6,37.73,3,0.75,3 mph TW,76°,,Fair,15,Platinum Equine,25OBSOCT $9K,$7.5K 2026 / $7.5K 2023,
197,C,Authentic,KY,,,1/8,9.4,10.8,33.2,NaN,,10.77,23.62,N/A,3,0.75,0 mph,62°,,Fair,18,Navas Equine,25KEESEP $80K,$15K 2026 / $60K 2023,
198,C,ESSENTIAL QUALITY,NY,,,1/8,10.2,11.1,34.3,49,,11.39,24.26,38.79,3.67,0.71,0 mph,82°,,Fair,12,"de Meric Sales, Agent IV",25SARAUG ($185K),$25K 2026 / $75K 2023,
199,F,Pinehurst,KY,,,,,,,,,,,,1,0,,,,,7,"Hoppel LLC, Agent V",24KEENOV $2K,$7.5K 2026 / $7.5K 2023,
200,F,Uncle Mo,KY,,,1/8,10.3,11.1,34.4,49.1,,11.37,24.38,38.6,3,0.7,8 mph TW,82°,,Fair,5,"S B M Training and Sales, Agent",25FTKOCT $100K,N/A 2026 / $150K 2023,
201,C,Mutasaabeq,FL,,,1/8,10,10.3,33,47.3,,10.74,23.1,37.67,Infinite,1,3 mph CW,83°,,Fair,13,"Blue River Bloodstock, Inc., Agent",HB,N/A 2026 / $6.5K 2023,
202,F,Pinehurst,KY,,,1/8,10.1,11,33.4,49,,11.05,23.78,38.84,2.5,0.71,3 mph TW,65°,,Fair,18,"Medallion Farms, Agent II",25KEESEP $12K,$7.5K 2026 / $7.5K 2023,
203,C,Rogueish,FL,,,1/4,21,11.3,32.3,46.4,01:04.3,,11.66,25.92,4.33,0.75,7 mph TW,83°,,Fair,6,RiceHorse Stable (Brandon & Ali Rice),HB,$3.5K 2026 / $2.5K 2023,
204,C,Magic On Tap,FL,,,,,,,,,,,,1.93,0.32,,,,,18,"Twelve Toes LLC, Agent III",25OBSWIN $10K,$5K 2026 / $5K 2023,
205,F,TACITUS,KY,,,,,,,,,,,,6,1.07,,,,,3,"Pick View LLC, Agent IV",25FTKOCT $70K / 24KEENOV $35K,$5K 2026 / $10K 2023,
206,C,IDOL,KY,,,1/8,10.3,11,34,47.1,,11.06,23.51,36.67,2.2,0.5,8 mph TW,76°,,Fair,3,J V C Training and Sales,25FTKOCT $32K,$5K 2026 / $10K 2023,
207,F,Olympiad,KY,,,1/4,22.2,11.2,33.4,46.1,01:00.1,,11.42,23.98,4.6,0.86,3 mph CW,82°,,Slow,17,"Caliente Thoroughbreds, Agent II",25KEESEP $55K,$20K 2026 / $35K 2023,
208,C,Bolt d'Oro,KY,,,1/8,10.1,11,33.4,47.2,,11.04,23.65,37.21,3,0.72,11 mph CW,70°,,Fair,15,"CM Thoroughbreds, Agent II",25KEESEP ($50K) / 25FTKFEB $20K,$25K 2026 / $35K 2023,
209,F,Maclean's Music,KY,,,1/8,10,10.4,33.1,47.2,,10.81,23.21,37.54,5.29,0.91,3 mph CW,80°,,Slow,15,"CM Thoroughbreds, Agent I",25KEESEP $100K,$30K 2026 / $50K 2023,
210,F,Practical Joke,KY,,,1/8,10,11,34.4,53.3,,11.1,24.92,43.67,2,0.33,3 mph CW,80°,,Slow,14,"Grade One Investments LLC, Agent IX",HB,$75K 2026 / $25K 2023,
211,F,Social Inclusion,FL,,,1/8,10.1,10.9,34,48.4,,10.95,23.89,38.73,3.8,1,8 mph CW,85°,,Slow,14,"Omar Ramirez Bloodstock, Agent XII",25KEESEP $17K,N/A 2026 / N/A 2023,
212,C,Jackie's Warrior,KY,,,1/4,21.4,11.9,33.3,47.4,01:06.1,,11.9,26.12,7,0.88,6 mph CW,85°,,Slow,10,"Tom McCrocklin, Agent X",25KEESEP $160K,$25K 2026 / $50K 2023,
213,C,Nashville,KY,,,1/8,10.2,11.1,35.2,51.3,,11.23,25.04,41.29,1.86,0.4,4 mph TW,84°,,Slow,5,"Wavertree Stables, Inc. (Ciaran Dunne), Agent VIII",25KEESEP $130K / 24KEENOV ($47K),$12.5K 2026 / $15K 2023,
214,F,Keepmeinmind,NY,,,,,,,,,,,,3,0.5,,,,,14,"Omar Ramirez Bloodstock, Agent XXI",25OBSOCT $40K / 25KEEJAN $5K,$2K 2026 / $6.5K 2023,
215,C,Rock Your World,KY,,,1/4,21.3,11.8,33.1,47.1,01:03.2,,11.76,25.73,1.5,0.4,3 mph CW,80°,,Slow,9,"Old South Farm LLC, Agent",25KEESEP $60K,$7.5K 2026 / $10K 2023,
216,C,Catholic Boy,KY,,,1/8,10.4,11.7,35.3,50.1,,11.47,24.91,39.4,1.55,0.36,4 mph TW,84°,,Slow,5,"S B M Training and Sales, Agent III",25OBSOCT ($27K) / 25OBSWIN $15K / 24KEENOV $1.5K,$5K 2026 / $15K 2023,
217,F,Munnings,KY,,,1/8,10.2,11.2,34.3,49.1,,11.42,24.36,38.85,2,0.42,2 mph HW,85°,,Slow,15,CM Thoroughbreds,25KEESEP ($15K),$45K 2026 / $100K 2023,
218,F,TAPIT,KY,,,,,,,,,,,,2.53,0.6,,,,,12,"de Meric Sales, Agent I",25FTKOCT $90K,$185K 2026 / $185K 2023,
219,C,Tiz the Law,KY,,,1/8,10.2,11,33.3,47.1,,11.1,23.39,36.85,2.43,0.5,7 mph CW,69°,,Fair,11,"Randy Miles, Agent VIII",25KEESEP $67K,$40K 2026 / $30K 2023,
220,F,Practical Joke,KY,,,1/8,10.1,10.9,34,48.2,,10.94,23.9,38.29,3,1,8 mph TW,70°,,Fair,13,Marco Hernandez Stables LLC,25KEESEP ($17K),$75K 2026 / $25K 2023,
221,F,Street Sense,KY,,,1/8,10,10.4,34.4,51.4,,10.95,24.84,41.98,2.6,0.61,6 mph CW,74°,,Fair,1,"Top Line Sales LLC, Agent XXVI",25KEESEP $170K,$40K 2026 / $75K 2023,
222,F,Jack Christopher,KY,,,1/8,10,10.4,33.3,48.4,,10.92,23.71,38.96,10,0.95,10 mph TW,74°,,Fair,16,"Doble J Equine Sales, Agent I",25KEESEP $17K / 24KEENOV $85K,$15K 2026 / $45K 2023,
223,C,Magic On Tap,FL,,,1/4,21.1,11.9,33,47.1,01:03.2,,11.89,26.1,3,0.6,3 mph CW,80°,,Slow,6,RiceHorse Stable (Brandon & Ali Rice),HB,$5K 2026 / $5K 2023,
224,C,Gretzky the Great,FL,,,,,,,,,,,,15,1.13,,,,,3,"Marcial Galan, Agent II",25OBSWIN ($4.5K),$3K 2023 / $3K 2023,
225,F,CYBERKNIFE,NY,,,1/8,10.1,11.1,34.4,49.4,,11.29,24.64,39.67,1.5,0.2,3 mph CW,80°,,Slow,8,"Niall Brennan Stables, Agent II",25SARAUG $110K / 24FTNMIX $72K,$15K 2026 / $30K 2023,
226,C,Awesome Slew,FL,,,1/8,10.1,11,34.1,51,,11.04,24.1,40.92,3.89,0.91,6 mph CW,83°,,Slow,7,"Hoppel LLC, Agent XV",25OBSOCT ($37K),$4K 2026 / $4K 2023,
227,F,Not This Time,KY,,,1/8,10,10.3,33.3,48.2,,10.69,23.6,38.59,1.22,0.1,6 mph TW,67°,,Fair,12,"de Meric Sales, Agent III",25KEESEP ($325K),$250K 2026 / $135K 2023,
228,F,JACK CHRISTOPHER,NY,,,,,,,,,,,,11,0.92,,,,,8,"Niall Brennan Stables, Agent IX",25SARAUG $45K,$15K 2026 / $45K 2023,
229,F,Authentic,KY,,,1/4,21,11.4,32.4,47.2,01:04.4,,11.93,26.47,7,0.85,3 mph CW,80°,,Slow,17,J & R Thoroughbreds LLC,25KEESEP ($75K),$15K 2026 / $60K 2023,
230,C,Kantharos,FL,,,1/8,10.2,10.9,33.4,48,,10.97,23.59,37.67,4.33,0.88,4 mph TW,84°,,Slow,16,"Doble J Equine Sales, Agent I",25OBSWIN $10.5K,$10K 2026 / $20K 2023,
231,C,Yaupon,NY,,,1/8,10,11,33.4,48.1,,11.02,23.86,38.35,3,0.8,3 mph CW,80°,,Slow,9,"Sequel Bloodstock, Agent for Chester Broman",HB,$60K 2026 / $30K 2023,
232,C,McKinzie,KY,,,,,,,,,,,,3,0.63,,,,,5,"Wavertree Stables, Inc. (Ciaran Dunne), Agent I",25KEESEP $180K,$75K 2026 / $30K 2023,
233,C,BASIN,FL,,,1/8,10.1,10.9,33.2,46.4,,10.92,23.29,36.79,15,1,4 mph TW,67°,,Fair,5,"S B M Training and Sales, Agent III",25OBSWIN $25K,$5K 2026 / $5K 2023,
234,C,Nashville,LA,,,1/8,10,10.2,32.2,45.3,,10.54,22.51,35.6,2.43,0.67,5 mph CW,75°,,Fair,16,"RM Stables LLC, Agent V",25KEESEP $24K,$12.5K 2026 / $15K 2023,
235,C,Rock Your World,NY,,,1/8,10.2,11.1,35.1,51.4,,11.29,24.98,41.48,3.57,0.69,9 mph TW,85°,,Slow,10,"Flynt Fesmire, Agent III",HB,$7.5K 2026 / $10K 2023,
236,F,Nyquist,KY,,,1/8,10.3,11.1,36.1,54.2,,11.35,25.78,43.9,3,0.5,6 mph TW,83°,,Slow,15,"Goldencents Thoroughbreds, Agent II",25KEESEP $9K,$175K 2026 / $55K 2023,
237,F,Scalding,KY,,,1/8,10,10.4,33.4,49.1,,10.8,23.89,39.29,Infinite,1.5,8 mph TW,75°,,Fair,15,Goldencents Thoroughbreds,25FTDJUL $3.5K,N/A 2026 / N/A 2023,
238,F,Social Inclusion,FL,,,1/8,10.3,11.1,35.1,49.1,,11.23,24.68,38.67,2.2,0.63,8 mph TW,85°,,Slow,6,"RiceHorse Stable (Brandon & Ali Rice), Agent VI",25OBSOCT $1.5K,N/A 2026 / N/A 2023,
239,C,EARLY VOTING,NY,,,,,,,,,,,,1.67,0.5,,,,,10,"Tom McCrocklin, Agent VIII",25SARAUG $160K,$12.5K 2026 / $25K 2023,
240,F,Jack Christopher,KY,,,1/8,10.1,11,34.2,49,,11.1,24.22,38.98,3.8,0.75,3 mph CW,80°,,Slow,11,"Scanlon Training & Sales, Agent II",25KEESEP ($75K),$15K 2026 / $45K 2023,
241,F,Authentic,KY,,,1/8,10.1,11.1,34.4,50.2,,11.21,24.72,40.28,3,0.75,3 mph CW,73°,,Fair,13,"First Call, Agent III",25FTKOCT $28K,$15K 2026 / $60K 2023,
242,C,Solomini,NY,,,1/8,10.1,11,34,49.3,,11.18,23.89,39.54,6,0.93,3 mph CW,80°,,Slow,1,"Top Line Sales LLC, Agent",HB,$7.5K 2026 / $6.5K 2023,
243,C,Into Mischief,KY,,,1/8,10.2,11.1,35.1,52,,11.28,24.89,41.6,7,1,6 mph TW,83°,,Slow,5,"Wavertree Stables, Inc. (Ciaran Dunne), Agent XVI",25KEESEP ($385K),$250K 2026 / $250K 2023,
244,F,Pinehurst,FL,,,1/8,10,11,34.3,50.4,,11.17,24.79,40.98,1.91,0.38,4 mph TW,69°,,Fair,9,"Old South Farm LLC, Agent",25KEESEP ($27K),$7.5K 2026 / $7.5K 2023,
245,F,Flightline,NY,,,1/8,10,10.3,32.4,47,,10.74,22.96,37.17,1.91,0.38,6 mph CW,69°,,Fair,9,"Sequel Bloodstock, Agent for Chester Broman",HB,$125K 2026 / $200K 2023,
246,C,Golden Pal,FL,,,1/8,10,10.4,33.2,46.4,,10.98,23.51,36.98,4,0.8,3 mph CW,80°,,Slow,13,"Five Star Equestrian Sales, Agent",25OBSOCT $8K,$25K 2026 / $30K 2023,
247,C,Life Is Good,KY,,,,,,,,,,,,1,0.2,,,,,12,"de Meric Sales, Agent",25KEESEP $125K,$60K 2026 / $100K 2023,
248,C,Nashville,FL,,,,,,,,,,,,3,0.63,,,,,12,"Envision Equine, Agent",HB,$12.5K 2026 / $15K 2023,
249,C,Yaupon,KY,,,,,,,,,,,,1.4,0.25,,,,,7,"Hoppel LLC, Agent XXI",25KEESEP $130K,$60K 2026 / $30K 2023,
250,F,Aloha West,KY,,,1/4,20.4,11.7,32.1,45.3,01:01.2,,11.5,24.92,4.6,0.79,8 mph TW,79°,,Slow,7,"Hoppel LLC, Agent IX",25KEESEP $45K,$6.5K 2026 / $10K 2023,
251,C,Mo Town,KY,,,1/8,10.1,11,33.3,46.4,,11.04,23.51,36.67,1.67,0.42,9 mph TW,74°,,Fair,18,"Golden Noguez, Agent II",25KEESEP $5K,$7.5K 2026 / $5K 2023,
252,C,Speaker's Corner,KY,,,1/8,10.3,11.1,34.4,49.3,,11.34,24.28,39.09,1.55,0.29,3 mph CW,80°,,Slow,10,"Flynt Fesmire, Agent I",25KEESEP $55K / 25KEEJAN $60K,$10K 2026 / $20K 2023,
253,C,Mo Donegal,KY,,,1/8,9.4,10.8,32.3,47,,10.69,22.98,37.28,3,0.5,6 mph CW,84°,,Slow,18,GOP Racing Stable Corp.,25FTKOCT $30K,$5K 2026 / $20K 2023,
254,C,Frosted,KY,,4 / 100,1/8,10.4,,,,,,,,3.5,0.72,,,,,17,Next Level Thoroughbreds,25FTKOCT $75K,$12.5K 2026 / $10K 2023,
255,C,MACLEAN'S MUSIC,KY,,,1/8,9.4,10.8,33.1,49,,10.71,23.53,39.34,6.33,1,3 mph CW,69°,,Fair,6,"RiceHorse Stable (Brandon & Ali Rice), Agent",25FTKOCT $100K / 25FTKJUL ($195K),$30K 2026 / $50K 2023,
256,C,DRAIN THE CLOCK,NY,,,1/8,10.1,11,33.4,47.1,,11.04,23.6,37.17,4,0.85,5 mph CW,73°,,Fair,8,"Paul Sharp, Agent I",25SARAUG $195K / 25FTKFEB $57K / 24FTNMIX $32K,$10K 2026 / $10K 2023,
257,C,CHARLATAN,KY,,,1/8,10.2,11.1,35.1,50.4,,11.36,24.87,40.48,3,0.6,3 mph CW,80°,,Slow,1,"Sugar Hill LLC, Agent",25FTKOCT $20K,$25K 2026 / $50K 2023,
258,F,Greatest Honour,NY,,,1/8,10.1,11,35.1,51.2,,11.13,25.1,41.35,5,0.83,6 mph TW,83°,,Slow,11,"Randy Miles, Agent VIII",25KEESEP $37K / 25FTKFEB $20K,$7.5K 2026 / $7.5K 2023,
259,C,EPICENTER,NY,,,1/8,10.2,11,34.2,48.3,,11.11,24.18,38.35,1.67,0.5,4 mph TW,85°,,Slow,16,"Golden Rock Thoroughbreds, Agent II",25SARAUG $45K,$25K 2026 / $45K 2023,
260,C,CYBERKNIFE,NY,,,G,-,#VALUE!,NaN,NaN,,-,-,-,2,0.33,9 mph TW,86°,,Slow,18,Navas Equine,25SARAUG ($22K),$15K 2026 / $30K 2023,
261,F,Curlin's Honor,FL,,,1/8,10,10.3,33.3,49.3,,10.79,23.69,39.7,3,0.67,4 mph TW,84°,,Slow,1,"Top Line Sales LLC, Agent VII",25OBSOCT $15K,$2.5K 2026 / $2.5K 2023,
262,F,Drain the Clock,FL,,,1/8,10,10.4,33.3,48.3,,10.85,23.75,38.6,5.67,0.7,5 mph CW,79°,,Slow,9,"Old South Farm LLC, Agent",25KEESEP $70K / 25OBSWIN $33K,$10K 2026 / $10K 2023,
263,C,Caracaro,KY,,,,,,,,,,,,3,0.67,,,,,6,"Britton Peak, Agent I",25KEESEP $50K,$10K 2026 / $6.5K 2023,
264,F,Olympiad,KY,,,1/8,10.1,11.1,35,51,,11.29,24.92,40.98,3.8,0.83,4 mph TW,84°,,Slow,13,"First Call, Agent III",25FTKOCT $10K,$20K 2026 / $35K 2023,
265,C,Maclean's Music,KY,,,1/8,10.1,10.9,33.4,49.2,,10.87,23.64,39.39,8.33,1,8 mph CW,73°,,Fair,14,New Hope AB LLC,25KEESEP $25K / 24KEENOV $5K,$30K 2026 / $50K 2023,
266,F,Jackie's Warrior,KY,,,1/8,10.1,11,34.2,49.2,,11.04,24.28,39.29,5,0.83,10 mph CW,74°,,Fair,10,"S G V Thoroughbreds LLC (Steven Venosa), Agent",25KEESEP ($185K) / 25KEEJAN $80K,$25K 2026 / $50K 2023,
267,C,Maclean's Music,KY,,,1/8,10,10.4,34,49.1,,10.97,24.04,39.23,2.71,0.54,5 mph CW,76°,,Fair,4,"Kinsman Farm, Agent",25KEESEP $110K,$30K 2026 / $50K 2023,
268,C,Street Sense,VA,,,,,,,,,,,,3,0.64,,,,,5,"Hartley / DeRenzo Thoroughbreds LLC, Agent I",25KEESEP ($190K) / 24KEENOV $110K,$40K 2026 / $75K 2023,
269,F,YAUPON,KY,,,1/8,10,10.4,33.2,47,,10.86,23.42,37.17,7,1.25,6 mph TW,67°,,Fair,11,"Scanlon Training & Sales, Agent",25FTKJUL $265K,$60K 2026 / $30K 2023,
270,C,GIRVIN,KY,,,,,,,,,,,,3,0.5,,,,,18,Navas Equine,25FTKJUL $30K,$30K 2026 / $25K 2023,
271,C,Candy Ride (ARG),KY,,,1/8,10.1,10.9,33.4,47.3,,10.99,23.72,37.59,1.4,0.33,9 mph CW,72°,,Fair,8,"Six K's Training & Sales LLC, Agent I",25KEESEP $110K,$60K 2026 / $75K 2023,
272,C,Mo Donegal,KY,,,1/8,9.4,10.9,33.2,48,,10.81,23.72,38.29,1.4,0.17,9 mph CW,74°,,Fair,18,GOP Racing Stable Corp.,25KEESEP $20K,$5K 2026 / $20K 2023,
273,C,Omaha Beach,FL,,,,,,,,,,,,3,0.75,,,,,12,"de Meric Sales, Agent XV",HB,$75K 2026 / $30K 2023,
274,C,Golden Lad,MD,,,,,,,,,,,,3.8,1,,,,,8,"Niall Brennan Stables, Agent",HB,$2.5K 2026 / $5K 2023,
275,F,Volatile,KY,,,1/8,10.3,11.1,34.4,49.1,,11.25,24.29,38.67,13,1.07,6 mph CW,84°,,Slow,8,"Niall Brennan Stables, Agent V",25KEESEP ($37K) / 24KEENOV $25K,$10K 2026 / $12.5K 2023,
276,F,Honor A. P.,KY,,,1/8,10.3,11.8,35.2,50.4,,11.63,24.85,40.39,3,0.67,5 mph TW,85°,,Slow,13,"Marco Hernandez Stables LLC, Agent I",25KEESEP $25K,$7.5K 2026 / $15K 2023,
277,C,BLAME,KY,,,1/8,10.1,10.9,33.4,49.2,,10.97,23.73,39.29,1.77,0.44,4 mph CW,85°,,Slow,7,"Hoppel LLC, Agent V",25FTKOCT ($19K) / 25FTKJUL ($32K) / 24KEENOV $7.5K,$25K 2026 / $25K 2023,
278,C,Upstart,KY,,,1/8,10.1,10.9,33.2,47,,10.85,23.29,36.99,3,0.75,11 mph TW,75°,,Fair,16,"Golden Rock Thoroughbreds, Agent I",25KEESEP $32K,$25K 2026 / $30K 2023,
279,F,NASHVILLE,KY,,,1/4,21.2,11.9,33.1,46.4,01:02.4,,11.89,25.53,3,0.6,6 mph TW,69°,,Fair,3,"Pick View LLC, Agent XII",25FTKJUL $140K,$12.5K 2026 / $15K 2023,
280,F,McKinzie,KY,,,1/8,10.1,11,34.3,51,,11.17,24.58,40.85,15,1,3 mph CW,80°,,Slow,8,Cortez Racing & Sales,25KEESEP $20K,$75K 2026 / $30K 2023,
281,C,Tapit,KY,,,1/8,10.3,11.9,35.4,50.3,,11.86,25.29,40.11,3,0.7,3 mph CW,80°,,Slow,10,"S G V Thoroughbreds LLC (Steven Venosa), Agent",HB,$185K 2026 / $185K 2023,
282,C,Bucchero,FL,,,1/8,10.2,11.1,34.2,49,,11.21,24.17,38.67,3,0.75,6 mph TW,85°,,Slow,15,Two Oaks Equine,25OBSWIN $10K,$12.5K 2026 / $5K 2023,
283,C,Practical Joke,KY,,,1/8,10,11,34.2,48.4,,11.08,24.41,38.85,3,0.5,11 mph CW,76°,,Fair,8,Andrew Phelan Bloodstock,25KEESEP $130K,$75K 2026 / $25K 2023,
284,F,Drain the Clock,KY,,,1/4,20.1,11.3,31.4,46,01:02.3,,11.79,25.91,11,1,5 mph TW,74°,,Fair,7,"Hoppel LLC, Agent XVI",HB,$10K 2026 / $10K 2023,
285,F,TIZ THE LAW,NY,,,,,,,,,,,,7,1,,,,,11,"Scanlon Training & Sales, Agent",25SARAUG $170K / 24FTNMIX $1K,$40K 2026 / $30K 2023,
286,F,HIGHLY MOTIVATED,NY,,,1/8,9.4,10.9,33.1,47.4,,10.89,23.54,38.04,1.4,0.33,7 mph TW,74°,,Fair,18,Navas Equine,25SARAUG $18K / 24FTNMIX $30K,$7.5K 2026 / $7.5K 2023,
287,F,Imperial Hint,LA,,,1/8,9.4,10.8,32.3,47.2,,10.71,22.92,37.63,3,0.75,3 mph CW,80°,,Slow,16,"Golden Rock Thoroughbreds, Agent",HB,N/A 2026 / $3K 2023,
288,C,Wootton Bassett (GB),IRE,,,1/8,10.2,11.1,34.4,51.4,,11.36,24.54,41.54,1.67,0.25,3 mph CW,80°,,Slow,11,"Scanlon Training & Sales, Agent II",25KEESEP ($200K),N/A 2026 / 150K 2023,
289,F,Candy Ride (ARG),KY,,,1/8,10.1,10.9,33.4,48.1,,10.83,23.62,38.1,2.33,0.6,3 mph CW,80°,,Slow,5,"S B M Training and Sales, Agent",25KEESEP $100K,$60K 2026 / $75K 2023,
290,C,Colonel Liam,FL,,,1/4,21.2,11.9,33.1,47,01:02.2,,11.89,25.67,5,0.83,3 mph CW,80°,,Slow,4,Ocala Stud,HB,$6.5K 2026 / $6.5K 2023,
291,F,Golden Pal,KY,,,,,,,,,,,,3,0.5,,,,,4,Ocala Stud,HB,$25K 2026 / $30K 2023,
292,C,Nashville,KY,,,1/8,10,10.3,33.1,47,,10.73,23.29,37.1,2.6,0.61,6 mph TW,67°,,Fair,1,"Kings Equine, Agent",25KEESEP $125K,$12.5K 2026 / $15K 2023,
293,C,Caracaro,KY,,,1/4,20.3,11.8,32.1,46.4,01:04.1,,11.79,26.22,7,1,7 mph CW,70°,,Fair,3,"Global Thoroughbreds LLC, Agent",HB,$10K 2026 / $6.5K 2023,
294,C,Tiz the Law,KY,,,1/4,20.4,11.8,32.2,46.3,01:02.4,,11.67,25.98,3,0.83,7 mph CW,72°,,Fair,7,"Hoppel LLC, Agent XIX",25KEESEP $150K,$40K 2026 / $30K 2023,
295,F,Jackie's Warrior,KY,,,,,,,,,,,,4.33,0.75,,,,,5,"S B M Training and Sales, Agent III",25KEESEP $210K,$25K 2026 / $50K 2023,
296,F,Maximum Security,KY,,,1/8,10.1,11,34.3,48.4,,11.12,24.47,38.67,7,1,8 mph TW,79°,,Slow,3,"Rivera Training and Sales, Agent I",HB,$3.5K 2026 / $10K 2023,
297,C,Mutasaabeq,FL,,,1/8,10,11,35.4,53.3,,11.18,25.81,43.78,3,0.75,8 mph CW,79°,,Slow,13,Marco Hernandez Stables LLC,HB,N/A 2026 / $6.5K 2023,
298,C,Roadster,FL,,,1/8,10,10.2,32.4,46,,10.59,22.85,36.1,3,0.63,3 mph CW,80°,,Slow,13,"Azpurua Stables, Agent II",HB,$7.5K 2026 / $7.5K 2023,
299,C,Mo Town,KY,,,1/4,20.2,11.9,32.1,46.4,01:03.2,,11.83,26.41,7,1,6 mph TW,67°,,Fair,7,"Hoppel LLC, Agent V",24KEENOV $40K,$7.5K 2026 / $5K 2023,
300,F,Volatile,KY,,,1/8,10.1,10.9,33.2,47.3,,10.88,23.32,37.54,8,0.94,4 mph TW,68°,,Fair,17,"Next Level Thoroughbreds, Agent IV",25OBSOCT $27K / 25FTDFEB $9.5K,$10K 2026 / $12.5K 2023,
301,C,MUNNINGS,KY,,,1/8,10,10.2,33.1,NaN,,10.59,23.39,N/A,2.67,0.55,5 mph CW,70°,Bumped rail during his gallop out nearing 1/2 mile pole. Dropped rider,Fair,6,"Britton Peak, Agent I",25FTKJUL $190K / 24KEENOV $125K,$45K 2026 / $100K 2023,
302,C,Knicks Go,KY,,,1/8,9.4,10.9,33.3,48.4,,10.81,23.99,39.1,5,0.78,3 mph CW,80°,,Slow,3,"Global Thoroughbreds LLC, Agent II",24KEENOV $42K,N/A 2026 / $15K 2023,
303,C,Early Voting,KY,,,1/8,10.3,11.1,34.4,49.1,,11.32,24.27,38.76,1.5,0.2,4 mph TW,84°,,Slow,18,"Scenic Sales, Agent",25FTDJUN $7K,$12.5K 2026 / $25K 2023,
304,F,Girvin,FL,,,1/8,10.1,11.1,35.2,52,,11.22,25.29,41.85,3,0.75,3 mph CW,80°,,Slow,3,"Mayberry Farm, Agent I",HB,$30K 2026 / $25K 2023,
305,C,Maclean's Music,NY,,,1/8,10,11,34.4,50.3,,11.17,24.87,40.67,6,0.86,12 mph CW,85°,,Slow,9,"Sequel Bloodstock, Agent for Chester Broman",HB,$30K 2026 / $50K 2023,
306,F,Bolt d'Oro,KY,,,,,,,,,,,,5,0.89,,,,,16,"Golden Rock Thoroughbreds, Agent II",25KEESEP $95K,$25K 2026 / $35K 2023,
307,F,MAXIMUS MISCHIEF,KY,,,1/8,10.1,10.9,33.3,47.4,,10.92,23.51,37.73,7,1,4 mph CW,85°,,Slow,16,"RM Stables LLC, Agent III",25FTKOCT $15K,$20K 2026 / $7.5K 2023,
308,C,Highly Motivated,KY,,,1/8,10.1,10.3,33.3,47.2,,10.6,23.42,37.23,3,0.5,6 mph TW,67°,,Fair,18,Navas Equine,25KEESEP $45K,$7.5K 2026 / $7.5K 2023,
309,C,Nashville,KY,,,1/4,21.3,12.8,34.1,47.3,01:03.0,,12.79,26.17,3,0.75,8 mph TW,79°,,Slow,17,"Caliente Thoroughbreds, Agent V",25KEESEP $110K,$12.5K 2026 / $15K 2023,
310,F,Mystic Guide,KY,,,1/8,10.1,11,34.1,49.2,,11.1,24.17,39.34,2.27,0.5,3 mph CW,80°,,Slow,18,Twelve Toes LLC,25KEESEP $28K,$7.5K 2026 / $15K 2023,
311,C,Improbable,KY,,,,,,,,,,,,4.6,0.93,,,,,16,"Limitless Thoroughbred LLC, Agent",25OBSOCT $10K / 24FTNMIX $5K,N/A 2026 / $25K 2023,
312,F,Win Win Win,FL,,,1/4,21.1,11.3,32.4,46.1,01:02.1,,11.64,25.1,5.67,1,3 mph CW,80°,,Slow,4,"Ocala Stud, Agent",HB,$8.5K 2026 / $5K 2023,
313,C,Mandaloun,KY,,,1/8,10,10.4,33.3,48.1,,10.82,23.67,38.29,4.33,0.88,8 mph CW,69°,,Fair,5,"Wavertree Stables, Inc. (Ciaran Dunne), Agent VIII",25KEESEP $130K,$10K 2026 / $25K 2023,
314,F,Mandaloun,KY,,,1/8,10.1,10.9,33.2,47,,10.92,23.21,36.96,4,0.9,6 mph CW,83°,,Slow,10,"S G V Thoroughbreds LLC (Steven Venosa), Agent",25KEESEP ($130K),$10K 2026 / $25K 2023,
315,F,Yaupon,KY,,,1/8,9.4,10.9,33.3,47.4,,10.85,23.85,38.04,7,1.25,4 mph TW,76°,,Fair,9,"Parrish Farms, Agent",25KEESEP $85K,$60K 2026 / $30K 2023,
316,C,Cyberknife,NY,,,1/8,9.4,10.8,33.2,48.1,,10.77,23.61,38.4,2.2,0.5,6 mph TW,67°,,Fair,5,"Wavertree Stables, Inc. (Ciaran Dunne), Agent I",25KEESEP $150K / 24FTNMIX $65K,$15K 2026 / $30K 2023,
317,F,Jack Christopher,KY,,,1/4,21,12,33,48,01:05.0,,12.13,27.18,7,0.75,3 mph TW,68°,,Fair,4,"Ocala Stud, Agent",HB,$15K 2026 / $45K 2023,
318,C,Pinehurst,KY,,,1/8,10,10.4,33.2,47.3,,10.87,23.52,37.73,1.4,0.17,6 mph CW,83°,,Slow,1,"Kings Equine, Agent",25KEESEP $60K,$7.5K 2026 / $7.5K 2023,
319,C,Girvin,FL,,,1/8,10.1,11,34,48.1,,11.03,23.84,38.15,3,0.58,4 mph TW,84°,,Slow,10,"S G V Thoroughbreds LLC (Steven Venosa), Agent",25KEESEP $70K / 24KEENOV $36K,$30K 2026 / $25K 2023,
320,C,Roadster,KY,,,1/4,21,11.2,32.2,46.1,100.2,,11.59,25.29,3,0.6,7 mph CW,73°,,Fair,14,"Omar Ramirez Bloodstock, Agent XXI",25KEESEP $62K,$7.5K 2026 / $7.5K 2023,
321,F,Life Is Good,KY,,,1/8,9.4,10.9,33.1,47.3,,10.83,23.42,37.92,3,1,8 mph TW,68°,,Fair,10,"S G V Thoroughbreds LLC (Steven Venosa), Agent",25KEESEP $275K,$60K 2026 / $100K 2023,
322,C,Charlatan,KY,,,1/8,10.1,10.9,33.2,47,,10.8,23.35,36.85,3,0.6,4 mph TW,68°,,Fair,17,"Caliente Thoroughbreds, Agent VIII",25KEESEP $110K,$25K 2026 / $50K 2023,
323,C,Known Agenda,FL,,,1/8,10.2,11,34.2,49,,11.04,24.1,38.67,1.5,0.3,9 mph CW,85°,,Slow,13,"Azpurua Stables, Agent III",25OBSOCT $10K,$5K 2026 / $10K 2023,
324,F,Volatile,KY,,,,,,,,,,,,31,1.13,,,,,15,Maldonado Thoroughbreds,25KEESEP $20K,$10K 2026 / $12.5K 2023,
325,C,Highly Motivated,KY,,,1/8,10.2,10.9,34,49.1,,10.99,23.73,38.92,3,0.5,3 mph CW,80°,,Slow,13,"Blue Sapphire Stables, Agent IV",25OBSOCT ($27K) / 25KEEJAN $26K,$7.5K 2026 / $7.5K 2023,
326,C,Jimmy Creed,KY,,,1/8,10.1,11.1,34.3,49.2,,11.23,24.54,39.23,5,1,3 mph CW,82°,,Slow,13,Marco Hernandez Stables LLC,25KEESEP $5.5K,$7.5K 2026 / $10K 2023,
327,F,HIGHLY MOTIVATED,KY,,,1/8,10,11.1,35,51.2,,11.23,25.15,41.42,4.33,0.75,3 mph CW,80°,,Slow,5,"Wavertree Stables, Inc. (Ciaran Dunne), Agent",25FTKOCT $82K / 25FTKFEB $30K / 25KEEJAN $13K,$7.5K 2026 / $7.5K 2023,
328,F,Olympiad,KY,,,1/8,10,10.4,33,46.3,,10.85,23.06,36.65,3.5,0.78,9 mph CW,79°,,Slow,10,"S G V Thoroughbreds LLC (Steven Venosa), Agent",25KEESEP ($45K) / 24KEENOV $50K,$20K 2026 / $35K 2023,
329,C,Olympiad,KY,,,,,,,,,,,,4,0.8,,,,,12,"Envision Equine, Agent I",HB,$20K 2026 / $35K 2023,
330,F,Army Mule,FL,,,1/4,20.4,11.8,32.2,46.4,01:03.4,,11.79,26.17,2.33,0.6,3 mph CW,80°,,Slow,10,"Tom McCrocklin, Agent V",HB,$25K 2026 / $12.5K 2023,
331,F,Strike Power,LA,,,1/8,10.1,10.9,34,48.3,,10.89,23.88,38.53,3.33,0.73,3 mph CW,80°,,Slow,16,"Fabian Sales LLC, Agent",25OBSWIN ($19K) / 25TTAYRL ($19K),N/A 2026 / $2K 2023,
332,C,Medaglia d'Oro,ON,,,,,,,,,,,,1.27,0.32,,,,,17,30-30 Ranch,25KEESEP $25K,N/A 2026 / $100K 2023,
333,F,Practical Joke,KY,,,1/8,10,11,34.2,50,,11.06,24.58,40.15,6,0.93,6 mph CW,75°,,Fair,8,"Niall Brennan Stables, Agent III",25KEESEP $130K / 24KEENOV $105K,$75K 2026 / $25K 2023,
334,F,Cyberknife,KY,,,,,,,,,,,,2.43,0.58,,,,,17,"My Little Stable Racing, Inc., Agent V",25OBSOCT $25K / 25KEESEP $12K,$15K 2026 / $30K 2023,
335,C,MITOLE,OH,,,,,,,,,,,,4.33,0.81,,,,,14,Great Destiny,25FTKOCT ($17K),$10K 2026 / $15K 2023,
336,C,City of Light,KY,,,1/8,10,11,33.4,48.4,,11.04,23.98,38.98,3,0.7,2 mph TW,68°,,Fair,1,"Top Line Sales LLC, Agent XXI",25KEESEP $150K,$35K 2026 / $60K 2023,
337,F,Girvin,KY,,,1/8,10.1,10.9,33.4,48.3,,10.85,23.79,38.54,9,0.9,3 mph CW,80°,,Slow,1,"Top Line Sales LLC, Agent XXXIX",25KEESEP ($140K),$30K 2026 / $25K 2023,
338,C,Corniche,KY,,,1/8,10.1,11,34.1,48.2,,11.06,24.1,38.35,2,0.5,8 mph CW,70°,,Fair,12,"de Meric Sales, Agent IX",25KEESEP $270K,$15K 2026 / $30K 2023,
339,F,Midshipman,KY,,,1/8,10.2,11.1,35.3,51.3,,11.29,25.23,41.21,4.2,0.77,3 mph CW,80°,,Slow,8,"Six K's Training & Sales LLC, Agent I",25KEESEP $37K,$15K 2026 / $20K 2023,
340,F,Speaker's Corner,KY,,,1/8,10.1,11,34.3,48.4,,11.19,24.41,38.79,3,0.5,8 mph CW,70°,,Fair,13,"Azpurua Stables, Agent I",25OBSOCT $48K / 24KEENOV $20K,$10K 2026 / $20K 2023,
341,C,Mo Town,KY,,,1/8,10.4,11,34.4,52.4,,11.18,24.16,42.17,11,1.17,3 mph TW,80°,,Slow,16,"Horseland Stables, Agent I",HB,$7.5K 2026 / $5K 2023,
342,C,Good Magic,KY,,,1/8,10.1,11.1,34.3,49.2,,11.23,24.48,39.23,3.67,0.79,6 mph CW,74°,,Fair,11,"Randy Miles, Agent VIII",25KEESEP $90K,$125K 2026 / $50K 2023,
343,F,Upstart,FL,,,1/4,20.4,11.7,32.1,45.2,01:00.1,,11.48,24.61,2.5,0.64,9 mph CW,72°,,Fair,10,"Tom McCrocklin, Agent",25KEENOV $60K,$25K 2026 / $30K 2023,
344,F,Tapiture,FL,,,1/8,10.1,11.1,35.1,51,,11.32,25.1,40.85,5.67,0.9,3 mph TW,86°,,Slow,9,"Old South Farm LLC, Agent",HB,6K CAN$ 2026 / $7.5K 2023,
345,F,HIGHLY MOTIVATED,KY,,,1/8,10.2,11,34.4,50,,11.17,24.47,39.65,3,1,3 mph CW,80°,,Slow,18,Navas Equine,25FTKOCT $18K / 25KEEJAN $2.5K,$7.5K 2026 / $7.5K 2023,
346,C,Idol,NY,,,,,,,,,,,,3.57,0.81,,,,,12,"Really and Truly Thoroughbreds, Agent III",25KEESEP $14K,$5K 2026 / $10K 2023,
347,C,Aloha West,KY,,,1/8,10,10.3,33.1,47.1,,10.63,23.31,37.35,3,0.64,8 mph CW,76°,,Fair,5,"S B M Training and Sales, Agent III",25KEEEP ($22K) / 24KEENOV $15K,$6.5K 2026 / $10K 2023,
348,C,CYBERKNIFE,KY,,,,,,,,,,,,2.6,0.67,,,,,1,"Kings Equine, Agent II",25FTKJUL ($95K),$15K 2026 / $30K 2023,
349,C,Awesome Slew,FL,,,1/8,10,10.4,33.4,49.3,,10.99,23.97,39.67,2.64,0.6,7 mph CW,75°,,Fair,8,H. J. Parra Racing Stables,HB,$4K 2026 / $4K 2023,
350,C,WARRIOR'S CHARGE,NY,,,1/4,21.3,12,33.3,47.4,01:04.1,,12.1,26.23,5,0.83,3 mph CW,80°,,Slow,13,Jose Munoz,25FTKOCT $27K,$5K 2026 / $5K 2023,
351,C,Highly Motivated,KY,,,,,,,,,,,,3,0.63,,,,,11,"Randy Miles, Agent VI",24KEENOV $40K,$7.5K 2026 / $7.5K 2023,
352,F,Vekoma,IA,,,1/8,10.2,11,34.3,49.1,,11.05,24.25,38.84,3,0.83,3 mph CW,80°,,Slow,15,Two Oaks Equine,25KEESEP ($29K) / 24KEENOV $25K,$100K 2026 / $15K 2023,
353,C,Daredevil,FL,,,1/8,10.1,11,34.4,49.2,,11.08,24.69,39.35,3,0.83,4 mph CW,70°,,Fair,10,"Flynt Fesmire, Agent II",25OBSOCT $12K,N/A 2026 / $20K 2023,
354,F,Flightline,KY,,,,,,,,,,,,3.4,0.73,,,,,17,"Caliente Thoroughbreds, Agent VIII",25KEESEP $150K,$125K 2026 / $200K 2023,
355,F,Epicenter,NY,,,,,,,,,,,,1.86,0.3,,,,,3,"J V C Training and Sales, Agent",25KEESEP $57K / 224KEENOV ($42K),$25K 2026 / $45K 2023,
356,C,Army Mule,KY,,,,,,,,,,,,3,0.71,,,,,5,"Wavertree Stables, Inc. (Ciaran Dunne), Agent III",25KEESEP $240K / 24KEENOV $70K,$25K 2026 / $12.5K 2023,
357,C,Upstart,KY,,,1/8,10.1,11,34.1,48.2,,11.08,24.17,38.35,2.33,0.6,4 mph CW,75°,,Fair,12,"de Meric Sales, Agent VI",25KEESEP $52K / 24KEENOV ($35K),$25K 2026 / $30K 2023,
358,C,MITOLE,NY,,,1/8,10,11,34.1,49.4,,11.04,24.36,39.92,1.67,0.38,18 mph TW,86°,,Slow,10,"S G V Thoroughbreds LLC (Steven Venosa), Agent",25SARAUG $50K,$10K 2026 / $15K 2023,
359,F,Mind Control,NY,,,,,,,,,,,,6,0.93,,,,,17,"Next Level Thoroughbreds, Agent IV",24FTNMIX ($4.5K),$6K 2026 / $8.5K 2023,
360,C,Rowayton,KY,,,,,,,,,,,,3,0.5,,,,,8,"Six K's Training & Sales LLC, Agent",HB,N/A 2026 / $7.5K 2023,
361,C,HAPPY SAVER,KY,,,1/8,10,10.4,33.2,47.3,,10.87,23.51,37.6,3,0.83,10 mph CW,74°,,Fair,11,"Scanlon Training & Sales, Agent",25FTLJUL $110K,$7.5K 2026 / $12.5K 2023,
362,C,Mo Donegal,KY,,,1/8,10,10.4,33.1,47,,10.83,23.39,37.04,3,0.5,4 mph TW,84°,,Slow,16,"Golden Rock Thoroughbreds, Agent VI",25FTKOCT $30K,$5K 2026 / $20K 2023,
363,C,Uncle Chuck,FL,,,1/8,10,10.4,33.2,48.1,,10.86,23.54,38.23,11,1,9 mph CW,72°,,Fair,18,"Scenic Sales, Agent I",HB,N/A 2026 / $6.5K 2023,
364,C,Jackie's Warrior,KY,,,1/8,10.2,11.2,35.4,51.3,,11.54,25.54,41.35,5,0.67,3 mph CW,80°,,Slow,11,"Randy Miles, Agent VIII",25KEESEP $150K / 24KEENOV $100K,$25K 2026 / $50K 2023,
365,C,Uncle Mo,ON,,,1/8,10.2,11,34,48.1,,11.14,23.79,37.9,0,0,3 mph CW,80°,,Slow,1,"Kings Equine, Agent VI",25KLEESEP $300K,N/A 2026 / $150K 2023,
366,C,Girvin,KY,,,1/4,21.4,11.6,33,46.2,01:02.1,,11.35,24.79,3,0.5,3 mph CW,80°,,Slow,3,"Pick View LLC, Agent XXXIII",25KEESEP $125K,$30K 2026 / $25K 2023,
367,C,Justify,KY,,,1/8,10,10.4,33.1,47.2,,10.8,23.29,37.54,3,0.58,3 mph CW,75°,,Fair,5,"Wavertree Stables, Inc. (Ciaran Dunne), Agent XVII",25KEESEP $150K,$200K 2026 / $100K 2023,
368,F,Central Banker,NY,,,1/8,10,10.4,33.2,47.4,,10.92,23.41,37.98,2.56,0.56,3 mph CW,82°,,Slow,10,Medina Acres,25FTKFEB $7.5K / 24FTNMIX ($4.5K),$7.5K 2026 / $7.5K 2023,
369,F,Frosted,KY,,,1/4,21.1,11.9,33,48,01:05.3,,11.98,26.95,3.67,0.86,7 mph CW,85°,,Slow,3,"Pick View LLC, Agent XI",25OBSWIN $72K / 24KEENOV $21K,$12.5K 2026 / $10K 2023,
370,C,Goldencents,KY,,,,,,,,,,,,3.4,0.77,,,,,3,"Empire Bloodstock LLC, Agent",25OBSOCT ($20K) / 24KEENOV $6K,$10K 2026 / $10K 2023,
371,C,Khozan,FL,,,1/8,10.1,11.1,35,50.2,,11.23,24.99,40.29,3,0.75,3 mph CW,80°,,Slow,17,"White Lilac (Katie Miranda), Agent II",HB,$6K 2026 / $6.5K 2023,
372,F,Nyquist,KY,,,1/8,9.3,10.8,33.2,48.1,,10.79,23.85,38.6,3,0.5,6 mph CW,72°,,Fair,5,"Wavertree Stables, Inc. (Ciaran Dunne), Agent IX",25KEESEP $300K,$175K 2026 / $55K 2023,
373,C,Caracaro,KY,,,1/8,10.1,10.9,33.1,47.2,,10.83,23.17,37.35,7,1.08,5 mph CW,85°,,Slow,3,"Global Thoroughbreds LLC, Agent",HB,$10K 2026 / $6.5K 2023,
374,F,Vino Rosso,KY,,,,,,,,,,,,3,0.67,,,,,6,"Britton Peak, Agent I",25KEESEP $10K,$7.5K 2026 / $15K 2023,
375,C,Tacitus,KY,,,1/8,10.3,11.1,34.3,49.2,,11.29,24.15,38.92,9.67,0.94,6 mph CW,84°,,Slow,18,Golden Noguez,25OBSOCT ($14K) / 25KEESEP $12K,$5K 2026 / $10K 2023,
376,C,Good Magic,KY,,,,,,,,,,,,3,0.69,,,,,5,"Wavertree Stables, Inc. (Ciaran Dunne), Agent X",25KEESEP $350K,$125K 2026 / $50K 2023,
377,F,Girvin,KY,,,,,,,,,,,,3,0.6,,,,,1,"Top Line Sales LLC, Agent XXVIII",25KEESEP $165K,$30K 2026 / $25K 2023,
378,C,Pinehurst,KY,,,1/8,10.1,10.9,34,49,,10.97,23.98,38.92,5.29,0.82,3 mph CW,80°,,Slow,6,"Britton Peak, Agent I",25KEESEP $45K,$7.5K 2026 / $7.5K 2023,
379,C,Practical Joke,KY,,,1/8,9.4,10.8,33.1,47.2,,10.75,23.41,37.71,15,1,9 mph TW,74°,,Fair,5,"Wavertree Stables, Inc. (Ciaran Dunne), Agent XI",25KEESEP $270K,$75K 2026 / $25K 2023,
380,C,Union Rags,KY,,,1/8,10,10.3,33,47.1,,10.73,23.12,37.21,2.6,0.83,6 mph TW,67°,,Fair,8,"Niall Brennan Stables, Agent VII",HB,$10K 2026 / $30K 2023,
381,F,Practical Joke,KY,,,,,,,,,,,,3,0.5,,,,,12,"Envision Equine, Agent II",25KEESEP ($120K),$75K 2026 / $25K 2023,
382,C,EPICENTER,KY,,,,,,,,,,,,1.4,0.17,,,,,5,"Wavertree Stables, Inc. (Ciaran Dunne), Agent IV",25FTSAUG $275K,$25K 2026 / $45K 2023,
383,C,Oscar Performance,KY,,,,,,,,,,,,2.56,0.63,,,,,11,"Scanlon Training & Sales, Agent VI",25KEESEP $350K,$60K 2026 / $20K 2023,
384,F,Halladay,CA,,,1/8,10.1,10.9,34.4,50,,10.93,24.67,39.92,2.11,0.5,6 mph CW,85°,,Slow,5,"S B M Training and Sales, Agent I",HB,$5K 2026 / $7.5K 2023,
385,F,Uncle Chuck,FL,,,1/8,10.4,11.8,36.1,51.2,,11.75,25.54,40.73,2.33,0.65,5 mph CW,77°,,Fair,16,"Blas Perez Stables, Agent II",25OBSWIN $7.5K,N/A 2026 / $6.5K 2023,
386,F,SPEAKER'S CORNER,LA,,,1/4,21,12,33,47.4,01:05.2,,12.17,26.98,4,0.7,3 mph CW,80°,,Slow,7,"Hoppel LLC, Agent XX",25FTKOCT $50K / 25TTAYRL ($52K),$10K 2026 / $20K 2023,
387,C,Cupid,NY,,,1/8,10,10.4,34.1,48.4,,10.98,24.21,38.84,5.4,0.94,3 mph CW,80°,,Slow,15,Golden Thoroughbreds Training and Sales,25OBSOCT ($19K) / 25OBSWIN $5K,$5K 2026 / $8K 2023,
388,F,Cyberknife,KY,,,1/8,10.2,11,34.2,50.2,,11.08,24.17,40.17,2,0.33,10 mph TW,85°,,Slow,7,"Hoppel LLC, Agent XVIII",25FTKOCT $72K / 25KEESEP ($100K) / 24KEENOV $100K,$15K 2026 / $30K 2023,
389,F,Epicenter,KY,,,1/8,10,10.4,33.3,47.3,,10.89,23.75,37.6,2,0.5,3 mph CW,80°,,Slow,5,"Wavertree Stables, Inc. (Ciaran Dunne), Agent XII",25KEESEP $190K,$25K 2026 / $45K 2023,
390,C,Roadster,FL,,4 / 76,1/8,10.1,,,,,,,,7,0.92,,,,,16,Advanced Thoroughbreds LLC,25OBSOCT $11K,$7.5K 2026 / $7.5K 2023,
391,C,Yaupon,FL,,,1/8,9.3,10.7,32.2,47.1,,10.53,22.89,37.79,2,0.44,10 mph CW,79°,,Slow,1,"Kings Equine, Agent III",25KEESEP ($235K) / 24KEENOV $110K,$60K 2026 / $30K 2023,
392,F,Omaha Beach,FL,,,1/8,10,10.4,33.1,47.4,,10.85,23.35,37.85,4,0.8,3 mph CW,80°,,Slow,12,"de Meric Sales, Agent XV",25KEESEP ($87K),$75K 2026 / $30K 2023,
393,F,Into Mischief,KY,,,1/8,10,11,34.2,50.3,,11.01,24.42,40.67,7,1,4 mph TW,84°,,Slow,1,"Kings Equine, Agent II",HB,$250K 2026 / $250K 2023,
394,F,Good Magic,KY,,,1/8,10.2,11,33.4,47.2,,11.04,23.59,37.03,3.5,0.67,6 mph CW,83°,,Slow,12,"de Meric Sales, Agent III",HB,$125K 2026 / $50K 2023,
395,C,Golden Pal,KY,,,1/8,10.1,10.3,33.2,46.4,,10.79,23.23,36.67,4,0.8,10 mph CW,72°,,Fair,1,"Kings Equine, Agent VI",25KEESEP $300K,$25K 2026 / $30K 2023,
396,C,Flightline,KY,,,1/8,10,11,34.4,51.2,,11.1,24.96,41.54,5.67,0.8,3 mph CW,80°,,Slow,7,"Julie Davies LLC, Agent VIII",HB,$125K 2026 / $200K 2023,
397,F,Tiz the Law,KY,,,1/8,10.2,11.2,35,49.1,,11.44,24.79,38.89,15,1,3 mph CW,80°,,Slow,12,"de Meric Sales, Agent V",25KEESEP $130K / 24KEENOV $67K,$40K 2026 / $30K 2023,
398,C,Golden Pal,KY,,,1/8,10,10.4,33.3,49.1,,10.91,23.71,39.35,4,0.8,6 mph CW,83°,,Slow,4,"Kinsman Farm, Agent I",25KEESEP $160K / 24KEENOV $80K,$25K 2026 / $30K 2023,
399,C,Bucchero,FL,,,,,,,,,,,,3,0.75,,,,,8,"Paul Sharp, Agent IV",25OBSWIN $30K,$12.5K 2026 / $5K 2023,
400,F,Not This Time,KY,,,1/8,10.4,11.9,37,52.3,,11.91,26.23,41.85,1.57,0.5,6 mph CW,84°,,Slow,8,"Paul Sharp, Agent II",25FTKOCT ($390K),$250K 2026 / $135K 2023,
401,F,Galilean,NY,,,1/8,10.1,11,34.3,50.3,,11.01,24.48,40.48,3,0.8,3 mph CW,80°,,Slow,15,Sweet River Thoroughbreds,25OBSOCT ($17K) / 25OBSWIN $5K,$3.5K 2026 / $3.5K 2023,
402,C,MIDSHIPMAN,KY,,,1/8,10.1,11,34.2,51,,11.18,24.39,40.92,7,0.9,3 mph CW,80°,,Slow,7,"Hoppel LLC, Agent XVII",25FTKJUL $170K,$15K 2026 / $20K 2023,
403,C,Win Win Win,TX,,,1/8,10.1,11,34.1,49.2,,11.04,24.16,39.29,9,1.2,3 mph CW,80°,,Slow,2,"Cesar Loya Training & Sales, Agent",25TTAYRL $50K,$8.5K 2026 / $5K 2023,
404,F,Cairo Prince,KY,,,,,,,,,,,,Infinite,1.25,,,,,18,"Navas Equine, Agent",25KEESEP $27K,$10K 2026 / $15K 2023,
405,C,NASHVILLE,LA,,,1/8,10,10.4,33.2,46.3,,10.8,23.4,36.78,3,0.67,6 mph TW,68°,,Fair,16,"Golden Rock Thoroughbreds, Agent",25FTKOCT $62K,$12.5K 2026 / $15K 2023,
406,F,Highly Motivated,FL,,,1/8,10,11.1,34.4,50.3,,11.24,24.88,40.73,3,0.63,5 mph TW,85°,,Slow,14,New Hope AB LLC,25OBSOCT ($22K),$7.5K 2026 / $7.5K 2023,
407,F,Good Magic,KY,,,1/8,10.1,11,33.3,47.3,,11.1,23.48,37.54,4.33,0.81,3 mph CW,80°,,Slow,5,"Wavertree Stables, Inc. (Ciaran Dunne), Agent XII",25KEESEP $285K,$125K 2026 / $50K 2023,
408,C,Upstart,KY,,,1/8,10,10.3,33,47,,10.78,23.19,37.17,3,0.72,8 mph CW,70°,,Fair,15,Two Oaks Equine,25KEESEP ($45K),$25K 2026 / $30K 2023,
409,C,Tap Back,CA,,3 / 157,1/8,10.1,,,,,,,,4.33,0.75,,,,,14,"Omar Ramirez Bloodstock, Agent XXI",25TTAYRL $3.5K,$2.5K 2026 / $2.5K 2023,
410,F,Drain the Clock,KY,,3 / 21,1/8,10.0,,,,,,,,4.33,0.63,,,,,7,"Julie Davies LLC, Agent III",HB,$10K 2026 / $10K 2023,
411,C,Authentic,KY,,3 / 58,1/8,10.2,,,,,,,,3,0.5,,,,,14,"Winner Circle Racing Stable Corp., Agent",25KEESEP $32K,$15K 2026 / $60K 2023,
412,C,Vekoma,KY,,3 / 25,1/8,10.1,,,,,,,,4,1.1,,,,,3,"J V C Training and Sales, Agent IV",25FTKOCT $100K / 25KEESEP ($140K),$100K 2026 / $15K 2023,
413,F,Mo Donegal,KY,,,,,,,,,,,,2.43,0.42,,,,,11,"Randy Miles, Agent VIII",25KEESEP $30K / 25OBSWIN $19K / 24KEENOV $5.5K,$5K 2026 / $20K 2023,
414,C,Vekoma,KY,,,,,,,,,,,,3.8,0.92,,,,,8,"Niall Brennan Stables, Agent VI",25KEESEP $42K,$100K 2026 / $15K 2023,
415,C,Bolt d'Oro,KY,,,1/8,10.1,10.9,33.2,48.1,,10.86,23.39,38.1,4.33,0.88,3 mph TW,71°,,Fast,6,"RiceHorse Stable (Brandon & Ali Rice), Agent",25FTKOCT $140K / 24KEENOV ($45K),$25K 2026 / $35K 2023,
416,C,Into Mischief,KY,,,1/8,9.4,10.8,32.3,46.4,,10.63,22.98,37.17,Infinite,1.17,5 mph TW,71°,,Fast,5,"S B M Training and Sales, Agent",25KEESEP $75K,$250K 2026 / $250K 2023,
417,F,TAKE CHARGE INDY,KY,,3 / 161,1/8,10.2,,,,,,,,4.71,0.8,,,,,12,"de Meric Sales, Agent I",25FTKJUL $55K,$7.5K 2026 / $10K 2023,
418,F,Omaha Beach,LA,,3 / 104,1/8,10.2,,,,,,,,4,0.9,,,,,1,"Kings Equine, Agent I",25OBSWIN $16K,$75K 2026 / $30K 2023,
419,C,OLYMPIAD,KY,,,1/8,9.4,10.8,33.1,48.2,,10.79,23.57,38.6,5.67,0.9,3 mph TW,71°,,Fast,14,"Omar Ramirez Bloodstock, Agent XX",25FTKJUL $11K / 24KEENOV ($85K),$20K 2026 / $35K 2023,
420,F,Olympiad,KY,,,,,,,,,,,,3.89,0.73,,,,,1,"Top Line Sales LLC, Agent XXXVIII",24KEENOV $25K,$20K 2026 / $35K 2023,
421,F,Nashville,KY,,,,,,,,,,,,5,0.92,,,,,2,"Cesar Loya Training & Sales, Agent",25KEESEP $50K / 24KEENOV $87K,$12.5K 2026 / $15K 2023,
422,F,Jack Christopher,KY,,3 / 125,1/8,10.1,,,,,,,,4,0.8,,,,,9,Potrero Stables,25KEESEP $25K,$15K 2026 / $45K 2023,
423,C,Mandaloun,KY,,,,,,,,,,,,19,1.1,,,,,17,"Skies Thoroughbreds, Agent",25KEESEP ($25K),$10K 2026 / $25K 2023,
424,C,Cyberknife,NY,,,,,,,,,,,,3,0.58,,,,,9,"Sequel Bloodstock, Agent for Chester Broman",HB,$15K 2026 / $30K 2023,
425,F,Win Win Win,FL,,,,,,,,,,,,5,1,,,,,4,Ocala Stud,HB,$8.5K 2026 / $5K 2023,
426,F,Jack Christopher,KY,,3 / 79,1/8,10.2,,,,,,,,5,0.67,,,,,6,RiceHorse Stable (Brandon & Ali Rice),25KEESEP $15K / 24KEENOV ($60K),$15K 2026 / $45K 2023,
427,C,American Pharoah,KY,,3 / 160,1/8,10.3,,,,,,,,7,1.25,,,,,18,"GOP Racing Stable Corp., Agent III",HB,"$25,850 2026 / $60K 2023",
428,F,Dialed In,KY,,,1/8,10,10.4,33.3,48.4,,10.91,23.69,38.85,3,0.83,3 mph TW,70°,,Fast,11,"Randy Miles, Agent VIII",25KEESEP $40K / 25FTKFEB $17K,$10K 2026 / $15K 2023,
429,F,Greatest Honour,KY,,3 / 121,1/8,10.2,,,,,,,,5.67,0.9,,,,,6,"Ortiz Training Stable LLC, Agent I",25KEESEP $15K,$7.5K 2026 / $7.5K 2023,
430,C,Hard Spun,NY,,3 / 133,1/8,11.4,,,,,,,,2.69,0.58,,,,,14,Great Destiny,25KEESEP $9K / 24FTNMIX ($37K),$20K 2026 / $35K 2023,
431,C,Mind Control,NY,,3 / 65,1/8,10.2,,,,,,,,4,0.7,,,,,18,"GOP Racing Stable Corp., Agent IV",25OBSOCT $23K,$6K 2026 / $8.5K 2023,
432,C,MENDELSSOHN,NY,,3 / 147,1/8,10.1,,,,,,,,4,0.8,,,,,7,"Hoppel LLC, Agent IV",25SARAUG $50K,N/A 2026 / $25K 2023,
433,F,Olympiad,KY,,3 / 31,1/4,20.3,,,,,,,,4,0.75,,,,,7,"Hoppel LLC, Agent XII",25KEESEP ($160K),$20K 2026 / $35K 2023,
434,F,Golden Pal,KY,,3 / 72,1/8,10.0,,,,,,,,3,0.57,,,,,1,"Kings Equine, Agent",25KEESEP $160K,$25K 2026 / $30K 2023,
435,C,GAME WINNER,KY,,3 / 122,1/8,10.1,,,,,,,,3,0.63,,,,,17,"My Little Stable Racing, Inc., Agent I",25FTKJUL $23K / 25FTKFEB $18K,N/A 2026 / $30K 2023,
436,F,Complexity,KY,,,1/8,10,10.3,33,46.4,,10.77,23.17,36.85,19,1,4 mph TW,71°,,Fast,18,"GOP Racing Stable Corp., Agent",25KEESEP $30K / 24KEENOV $37K,$20K 2026 / $12.5K 2023,
437,F,Yaupon,KY,,,1/8,9.4,10.7,32.2,46.3,,10.44,22.73,36.84,3,0.75,5 mph TW,71°,,Fast,12,"de Meric Sales, Agent IX",25KEESEP $310K / 24KEENOV $45K,$60K 2026 / $30K 2023,
438,C,Curlin,KY,,3 / 50,1/8,10.2,,,,,,,,3,0.69,,,,,1,"Top Line Sales LLC, Agent XII",25KEESEP ($250K),$225K 2026 / $225K 2023,
439,C,Jackie's Warrior,KY,,,,,,,,,,,,3.67,0.71,,,,,11,"Scanlon Training & Sales, Agent V",24FTKNOV $200K,$25K 2026 / $50K 2023,
440,C,Tiz the Law,KY,,3 / 24,1/8,10.0,,,,,,,,3,0.83,,,,,3,"Global Thoroughbreds LLC, Agent I",HB,$40K 2026 / $30K 2023,
441,C,Greatest Honour,KY,,,,,,,,,,,,4.33,0.75,,,,,3,"Pick View LLC, Agent XXX",25OBSOCT $50K / 24KEENOV $9K,$7.5K 2026 / $7.5K 2023,
442,C,DRAIN THE CLOCK,KY,,3 / 71,1/8,10.0,,,,,,,,4.33,0.63,,,,,1,"Top Line Sales LLC, Agent V",25FTSAUG $175K,$10K 2026 / $10K 2023,
443,C,Life Is Good,KY,,,,,,,,,,,,3,1,,,,,8,"Niall Brennan Stables, Agent I",25KEESEP $100K,$60K 2026 / $100K 2023,
444,C,Vekoma,IN,,3 / 51,1/4,21.2,,,,,,,,3,0.67,,,,,3,"Pick View LLC, Agent XXII",25KEESEP $160K / 24KEENOV $45K,$100K 2026 / $15K 2023,
445,F,Aloha West,KY,,3 / 132,1/8,9.4,,,,,,,,3.36,0.75,,,,,1,"Top Line Sales LLC, Agent XII",25KEESEP $60K / 25KEEJAN ($27K),$6.5K 2026 / $10K 2023,
446,F,MAXIMUS MISCHIEF,KY,,3 / 28,1/8,10.0,,,,,,,,Infinite,1.25,,,,,13,"Marco Hernandez Stables LLC, Agent III",25FTKJUL $55K,$20K 2026 / $7.5K 2023,
447,C,Caracaro,KY,,,,,,,,,,,,7,1,,,,,3,"Global Thoroughbreds LLC, Agent",24KEENOV $20K,$10K 2026 / $6.5K 2023,
448,F,Mystic Guide,KY,,3 / 114,1/8,10.2,,,,,,,,2.64,0.55,,,,,5,"S B M Training and Sales, Agent III",25KEESEP $14K,$7.5K 2026 / $15K 2023,
449,F,Jackie's Warrior,KY,,,1/8,9.4,10.8,33.2,48,,10.79,23.79,38.29,7,0.81,3 mph TW,70°,,Fast,1,"Kings Equine, Agent",25KEESEP $125K,$25K 2026 / $50K 2023,
450,F,Solomini,NY,,,,,,,,,,,,2.27,0.56,,,,,2,"Hidden Brook, Agent VI",HB,$7.5K 2026 / $6.5K 2023,
451,C,Authentic,KY,,,,,,,,,,,,5,0.83,,,,,12,"Thorostock LLC, Agent III",25KEESEP $70K,$15K 2026 / $60K 2023,
452,C,Epicenter,KY,,3 / 110,1/8,10.4,,,,,,,,1.4,0.33,,,,,3,"Mayberry Farm, Agent",25KEESEP ($85K),$25K 2026 / $45K 2023,
453,F,Twirling Candy,KY,,3 / 34,1/4,20.2,,,,,,,,3,0.75,,,,,10,"Tom McCrocklin, Agent II",25KEESEP ($75K),$75K 2026 / $60K 2023,
454,C,Life Is Good,KY,,,,,,,,,,,,3,0.5,,,,,6,"Britton Peak, Agent I",25KEESEP $275K,$60K 2026 / $100K 2023,
455,C,Independence Hall,FL,,3 / 44,1/8,10.0,,,,,,,,3,0.5,,,,,17,"Skies Thoroughbreds, Agent I",HB,$10K 2026 / $10K 2023,
456,F,Corniche,KY,,,,,,,,,,,,3,0.5,,,,,5,"Wavertree Stables, Inc. (Ciaran Dunne), Agent XIV",25KEESEP $220K,$15K 2026 / $30K 2023,
457,F,Cairo Prince,FL,,,,,,,,,,,,3,0.75,,,,,17,Champions of the Future,25OBSOCT ($23K) / 25OBSWIN $3.5K,$10K 2026 / $15K 2023,
458,C,Drain the Clock,KY,,3 / 23,1/8,10.1,,,,,,,,4.33,0.88,,,,,11,"Randy Miles, Agent VIII",25KEESEP $140K / 24KEENOV $70K,$10K 2026 / $10K 2023,
459,F,Golden Pal,KY,,3 / 93,1/8,10.0,,,,,,,,5,0.83,,,,,3,"Marcial Galan, Agent",HB,$25K 2026 / $30K 2023,
460,C,HIGHLY MOTIVATED,KY,,,,,,,,,,,,Infinite,1.5,,,,,13,"Marco Hernandez Stables LLC, Agent III",25FTKJUL $20K / 24KEENOV $22K,$7.5K 2026 / $7.5K 2023,
461,F,Caracaro,KY,,3 / 82,1/8,10.1,,,,,,,,3.8,0.83,,,,,16,"Golden Rock Thoroughbreds, Agent III",25KEESEP $11K,$10K 2026 / $6.5K 2023,
462,C,Nashville,KY,,3 / 49,1/8,10.0,,,,,,,,4.6,1,,,,,18,Navas Equine,25KEESEP $85K / 25OBSWIN $40K,$12.5K 2026 / $15K 2023,
463,F,MYSTIC GUIDE,KY,,3 / 127,1/8,10.1,,,,,,,,2.5,0.5,,,,,14,"Omar Ramirez Bloodstock, Agent XVII",25FTKOCT $8K,$7.5K 2026 / $15K 2023,
464,C,Preservationist,KY,,3 / 91,1/8,10.1,,,,,,,,3,0.72,,,,,13,"Blue Sapphire Stables, Agent II",25KEESEP $3K,N/A 2026 / $10K 2023,
465,C,PRACTICAL JOKE,KY,,3 / 98,1/8,10.2,,,,,,,,9,1,,,,,14,"Omar Ramirez Bloodstock, Agent II",25FTKJUL $16K,$75K 2026 / $25K 2023,
466,C,Early Voting,KY,,3 / 112,1/8,9.4,,,,,,,,1.86,0.4,,,,,2,"L. G., Agent I",25KEESEP $70K,$12.5K 2026 / $25K 2023,
467,C,Jack Christopher,NY,,3 / 97,1/8,10.0,,,,,,,,4,0.7,,,,,9,"Sequel Bloodstock, Agent for Chester Broman",HB,$15K 2026 / $45K 2023,
468,C,Maclean's Music,KY,,,1/8,10.1,10.9,33.3,49,,10.99,23.42,38.85,7,0.92,4 mph TW,71°,,Fast,8,"Paul Sharp, Agent I",25KEESEP $65K / 24KEENOV $3K,$30K 2026 / $50K 2023,
469,F,IDOL,FL,,,,,,,,,,,,3.57,0.75,,,,,15,Goldencents Thoroughbreds,25FTKOCT $2.5K / 25FTKJUL ($65K),$5K 2026 / $10K 2023,
470,C,Uncle Mo,KY,,,,,,,,,,,,3,0.5,,,,,5,"S B M Training and Sales, Agent",24FTKNOV $130K,N/A 2026 / $150K 2023,
471,C,Gretzky the Great,FL,,3 / 111,1/4,21.4,,,,,,,,3,0.5,,,,,4,Ocala Stud,HB,$3K 2023 / $3K 2023,
472,F,JACK CHRISTOPHER,KY,,3 / 158,1/4,21.0,,,,,,,,3.67,0.71,,,,,10,"Tom McCrocklin, Agent III",25FTKJUL ($85K),$15K 2026 / $45K 2023,
473,C,CYBERKNIFE,NY,,3 / 153,1/8,10.2,,,,,,,,3.8,0.67,,,,,18,"Twelve Toes LLC, Agent II",25SARAUG $25K,$15K 2026 / $30K 2023,
474,F,Omaha Beach,FL,,3 / 155,1/8,9.4,,,,,,,,3,0.8,,,,,13,"Blue River Bloodstock, Inc., Agent I",HB,$75K 2026 / $30K 2023,
475,C,Jack Christopher,KY,,,,,,,,,,,,7,0.88,,,,,13,"Azpurua Stables, Agent I",25KEESEP $62K,$15K 2026 / $45K 2023,
476,C,Army Mule,KY,,3 / 57,1/8,9.4,,,,,,,,1.91,0.44,,,,,7,"Hoppel LLC, Agent XVIII",25KEESEP $67K / ($17K),$25K 2026 / $12.5K 2023,
477,C,City of Light,KY,,3 / 26,1/8,10.0,,,,,,,,3,0.5,,,,,1,"Top Line Sales LLC, Agent XVIII",25KEESEP $230K,$35K 2026 / $60K 2023,
478,C,Global Campaign,FL,,3 / 146,1/8,10.1,,,,,,,,2.33,0.6,,,,,8,"Paul Sharp, Agent VII",25OBSWIN ($19K),N/A 2026 / $10K 2023,
479,C,Modernist,KY,,3 / 37,1/8,10.1,,,,,,,,5,1,,,,,15,"CM Thoroughbreds, Agent II",25FTKFEB $7K,$5K 2026 / $10K 2023,
480,C,Girvin,KY,,,,,,,,,,,,3,0.75,,,,,5,"S B M Training and Sales, Agent",25KEESEP $100K / 25FTKFEB $40K,$30K 2026 / $25K 2023,
481,F,Tacitus,KY,,3 / 88,1/8,10.3,,,,,,,,5.67,0.8,,,,,14,"Two Cousins Training and Sales, Agent II",25OBSOCT $6K / 24KEENOV $4K,$5K 2026 / $10K 2023,
482,F,DRAIN THE CLOCK,KY,,3 / 47,1/8,10.0,,,,,,,,3,0.64,,,,,12,"de Meric Sales, Agent I",25FTKJUL $90K,$10K 2026 / $10K 2023,
483,F,Jackie's Warrior,KY,,3 / 30,1/8,10.0,,,,,,,,6,0.82,,,,,14,"Omar Ramirez Bloodstock, Agent IV",25FTKOCT $62K / 24KEENOV ($120K),$25K 2026 / $50K 2023,
484,F,Connect,NY,,3 / 87,1/8,10.2,,,,,,,,3,0.71,,,,,2,"Hidden Brook, Agent IV",25KEESEP ($37K),$10K 2026 / $25K 2023,
485,C,Greatest Honour,KY,,3 / 119,1/8,10.2,,,,,,,,5,0.92,,,,,18,"GOP Racing Stable Corp., Agent",25KEESEP $27K,$7.5K 2026 / $7.5K 2023,
486,C,Uncle Mo,KY,,,,,,,,,,,,3,0.75,,,,,1,"Top Line Sales LLC, Agent XXIV",25KEESEP $250K,N/A 2026 / $150K 2023,
487,C,MANDALOUN,KY,,,,,,,,,,,,11,1.17,,,,,1,"Top Line Sales LLC, Agent XXXVIII",25FTKJUL ($22K),$10K 2026 / $25K 2023,
488,F,Golden Pal,KY,,3 / 29,1/4,21.2,,,,,,,,4,0.7,,,,,2,"Hidden Brook, Agent V",25KEESEP $50K,$25K 2026 / $30K 2023,
489,C,HIGHLY MOTIVATED,KY,,,1/4,21,11.3,32.3,47.3,01:05.4,,11.79,26.6,0,0,3 mph TW,70°,,Fast,7,"Hoppel LLC, Agent XX",25FTKJUL $50K / 24KEENOV $26K,$7.5K 2026 / $7.5K 2023,
490,F,Practical Joke,KY,,3 / 69,1/8,10.0,,,,,,,,6,0.93,,,,,5,"S B M Training and Sales, Agent I",25KEESEP ($60K),$75K 2026 / $25K 2023,
491,F,Oscar Performance,NY,,,,,,,,,,,,3,0.71,,,,,14,"Grade One Investments LLC, Agent VII",HB,$60K 2026 / $20K 2023,
492,C,Speaker's Corner,KY,,3 / 95,1/8,10.1,,,,,,,,9,0.9,,,,,14,"Grade One Investments LLC, Agent III",25KEESEP $75K,$10K 2026 / $20K 2023,
493,C,Beau Liam,KY,,,,,,,,,,,,5,0.96,,,,,10,"S G V Thoroughbreds LLC (Steven Venosa), Agent",HB,$7.5K 2026 / $6K 2023,
494,F,Essential Quality,KY,,3 / 62,1/8,10.3,,,,,,,,3.4,0.68,,,,,17,"AVP Training and Sales, Agent",25KEESEP $25K,$25K 2026 / $75K 2023,
495,C,Highly Motivated,KY,,,1/8,10,11,34.1,39.1,,11.1,24.29,29.29,2.6,0.56,4 mph TW,71°,,Fast,8,"Niall Brennan Stables, Agent IV",25KEESEP $67K,$7.5K 2026 / $7.5K 2023,
496,F,American Pharoah,KY,,3 / 116,1/8,10.0,,,,,,,,12.33,1.05,,,,,2,"Cesar Loya Training & Sales, Agent",25KEESEP $75K / 24FTKNOV $75K,"$25,850 2026 / $60K 2023",
497,F,Golden Pal,KY,,3 / 108,1/8,10.0,,,,,,,,5,0.83,,,,,1,"Top Line Sales LLC, Agent XXIX",25KEESEP ($55K),$25K 2026 / $30K 2023,
498,C,Game Winner,KY,,,,,,,,,,,,5.67,0.85,,,,,6,"Britton Peak, Agent VI",25KEESEP $50K / 24KEENOV ($55K),N/A 2026 / $30K 2023,
499,F,Bolt d'Oro,KY,,3 / 56,1/8,10.0,,,,,,,,3,0.79,,,,,10,"S G V Thoroughbreds LLC (Steven Venosa), Agent",HB,$25K 2026 / $35K 2023,
500,C,BASIN,KY,,3 / 48,1/4,21.1,,,,,,,,Infinite,1.17,,,,,15,"Golden Thoroughbreds Training and Sales, Agent I",25FTKOCT $40K / 25FTKFEB $7K,$5K 2026 / $5K 2023,
502,F,Mind Control,NY,,3 / 141,1/8,10.0,,,,,,,,,,,,,,,17,"Champions of the Future, Agent II",,
504,C,Yaupon,FL,,3 / 68,1/4,21.1,,,,,,,,,,,,,,,10,"Tom McCrocklin, Agent",,
505,F,Golden Pal,FL,,3 / 84,1/8,9.4,,,,,,,,,,,,,,,13,"Blue River Bloodstock, Inc., Agent I",,
506,C,Twirling Candy,KY,,3 / 40,1/8,10.0,,,,,,,,,,,,,,,6,"RiceHorse Stable (Brandon & Ali Rice), Agent III",,
507,C,Gun Runner,KY,,3 / 117,1/8,10.3,,,,,,,,,,,,,,,5,"Wavertree Stables, Inc. (Ciaran Dunne), Agent XVIII",,
508,F,Drain the Clock,OH,,3 / 61,1/8,9.3,,,,,,,,,,,,,,,1,"Top Line Sales LLC, Agent XX",,
510,C,Colonel Liam,FL,,3 / 53,1/8,10.1,,,,,,,,,,,,,,,15,Two Oaks Equine,,
511,C,Yaupon,KY,,3 / 136,1/8,10.0,,,,,,,,,,,,,,,1,"Kings Equine, Agent IV",,
512,C,Freud,NY,,3 / 149,1/8,10.1,,,,,,,,,,,,,,,9,"Sequel Bloodstock, Agent I",,
513,F,Oscar Performance,KY,,3 / 139,1/4,21.1,,,,,,,,,,,,,,,10,"Tom McCrocklin, Agent VI",,
514,C,Mitole,KY,,3 / 123,1/8,10.0,,,,,,,,,,,,,,,15,Nice and Easy Thoroughbreds,,
515,C,Mind Control,NY,,3 / 52,1/8,10.1,,,,,,,,,,,,,,,18,Kae Vazquez Stables LLC,,
517,F,Upstart,KY,,3 / 42,1/8,10.2,,,,,,,,,,,,,,,14,Great Destiny,,
518,C,Life Is Good,KY,,3 / 138,1/8,10.0,,,,,,,,,,,,,,,15,"CM Thoroughbreds, Agent I",,
519,F,Nashville,LA,,3 / 144,1/8,9.4,,,,,,,,,,,,,,,13,"Blue Sapphire Stables, Agent",,
520,F,Mystic Guide,ON,,3 / 156,1/8,10.1,,,,,,,,,,,,,,,10,"S G V Thoroughbreds LLC (Steven Venosa), Agent",,
521,C,Midshipman,KY,,3 / 109,1/8,10.3,,,,,,,,,,,,,,,16,"Limitless Thoroughbred LLC, Agent",,
523,F,Jackie's Warrior,KY,,3 / 74,1/8,10.1,,,,,,,,,,,,,,,11,"Randy Miles, Agent VIII",,
524,F,Drain the Clock,KY,,3 / 41,1/8,10.4,,,,,,,,,,,,,,,14,"Little Farm Equine LLC, Agent I",,
525,F,Twirling Candy,KY,,3 / 120,1/8,10.1,,,,,,,,,,,,,,,9,"Old South Farm LLC, Agent",,
526,C,Practical Joke,KY,,3 / 152,1/8,9.4,,,,,,,,,,,,,,,1,"Top Line Sales LLC, Agent XLIV",,
527,F,Justify,KY,,3 / 4,1/8,10.0,,,,,,,,,,,,,,,10,"S G V Thoroughbreds LLC (Steven Venosa), Agent",,
528,F,Mandaloun,KY,,3 / 106,1/8,10.2,,,,,,,,,,,,,,,4,"Kinsman Farm, Agent IV",,
530,F,Munnings,KY,,3 / 14,1/8,10.0,,,,,,,,,,,,,,,13,"Blue River Bloodstock, Inc., Agent I",,
531,F,Imperial Hint,LA,,3 / 154,1/8,10.1,,,,,,,,,,,,,,,16,"Golden Rock Thoroughbreds, Agent I",,
532,F,Mo Donegal,KY,,3 / 162,1/8,10.2,,,,,,,,,,,,,,,14,"Omar Ramirez Bloodstock, Agent VI",,
533,F,Independence Hall,NY,,3 / 32,1/8,9.4,,,,,,,,,,,,,,,16,"Golden Rock Thoroughbreds, Agent",,
534,F,Liam's Map,KY,,3 / 38,1/8,10.0,,,,,,,,,,,,,,,13,"Azpurua Stables, Agent I",,
535,C,Uncle Chuck,FL,,3 / 115,1/8,10.1,,,,,,,,,,,,,,,6,"McKathan Bros. Sales, Agent",,
536,F,Epicenter,KY,,3 / 63,1/8,10.1,,,,,,,,,,,,,,,17,"Cruzin' Thoroughbreds LLC, Agent",,
537,F,Roadster,FL,,3 / 11,1/4,20.3,,,,,,,,,,,,,,,4,Ocala Stud,,
538,F,Epicenter,KY,,3 / 86,1/8,10.4,,,,,,,,,,,,,,,8,"Paul Sharp, Agent II",,
539,F,Drain the Clock,KY,,3 / 22,1/8,10.0,,,,,,,,,,,,,,,3,"Pick View LLC, Agent VI",,
540,F,Munnings,NY,,3 / 107,1/8,10.2,,,,,,,,,,,,,,,17,Next Level Thoroughbreds,,
541,C,Into Mischief,KY,,3 / 46,1/8,10.2,,,,,,,,,,,,,,,8,"Niall Brennan Stables, Agent X",,
542,C,Jackie's Warrior,KY,,3 / 7,1/4,21.1,,,,,,,,,,,,,,,3,"Pick View LLC, Agent XXIII",,
543,C,Omaha Beach,KY,,3 / 33,1/8,10.1,,,,,,,,,,,,,,,6,"Britton Peak, Agent II",,
544,C,Violence,NY,,3 / 140,1/8,10.1,,,,,,,,,,,,,,,15,"Golden Thoroughbreds Training and Sales, Agent II",,
545,C,Greatest Honour,OH,,3 / 101,1/8,10.3,,,,,,,,,,,,,,,11,"Randy Miles, Agent II",,
546,F,Nashville,KY,,3 / 145,1/8,10.2,,,,,,,,,,,,,,,7,"Julie Davies LLC, Agent",,
547,C,Caracaro,KY,,3 / 76,1/8,10.1,,,,,,,,,,,,,,,16,"Doble J Equine Sales, Agent I",,
548,C,Oscar Performance,KY,,3 / 131,1/8,10.0,,,,,,,,,,,,,,,7,"Hoppel LLC, Agent I",,
550,C,Candy Ride (ARG),KY,,3 / 143,1/8,10.2,,,,,,,,,,,,,,,11,"Randy Miles, Agent VIII",,
552,F,Colonel Liam,FL,,3 / 150,1/8,10.2,,,,,,,,,,,,,,,3,"Pick View LLC, Agent XXXIV",,
553,C,Idol,NY,,3 / 66,1/8,10.4,,,,,,,,,,,,,,,16,"Cuatro Caminos, Agent",,
555,F,Munnings,NY,,3 / 94,1/8,10.2,,,,,,,,,,,,,,,8,"Niall Brennan Stables, Agent II",,
558,C,Jackie's Warrior,KY,,3 / 81,1/8,10.0,,,,,,,,,,,,,,,1,"Top Line Sales LLC, Agent XVI",,
559,C,Vekoma,KY,,3 / 70,1/8,10.0,,,,,,,,,,,,,,,5,"Wavertree Stables, Inc. (Ciaran Dunne), Agent IV",,
560,F,Life Is Good,KY,,3 / 103,1/8,10.1,,,,,,,,,,,,,,,3,"Pick View LLC, Agent VII",,
561,C,Life Is Good,KY,,3 / 1,1/8,9.4,,,,,,,,,,,,,,,1,"Top Line Sales LLC, Agent XXXVIII",,
562,C,Keepmeinmind,NY,,3 / 135,1/4,21.4,,,,,,,,,,,,,,,6,RiceHorse Stable (Brandon & Ali Rice),,
563,C,Tiz the Law,NY,,3 / 137,1/8,10.0,,,,,,,,,,,,,,,1,"Top Line Sales LLC, Agent XLV",,
564,F,Maclean's Music,KY,,3 / 78,1/8,10.1,,,,,,,,,,,,,,,3,"Pick View LLC, Agent III",,
567,F,Greatest Honour,KY,,3 / 102,1/8,10.1,,,,,,,,,,,,,,,7,"Hoppel LLC, Agent XXVI",,
568,F,Tiz the Law,PA,,3 / 118,1/8,10.0,,,,,,,,,,,,,,,1,"Top Line Sales LLC, Agent XLII",,
570,C,Epicenter,NY,,3 / 128,1/8,10.4,,,,,,,,,,,,,,,8,"Niall Brennan Stables, Agent VIII",,
571,F,Leinster,FL,,3 / 124,1/8,10.0,,,,,,,,,,,,,,,16,"RM Stables LLC, Agent II",,
572,C,Mendelssohn,KY,,3 / 45,1/8,9.4,,,,,,,,,,,,,,,17,"Dark Star Thoroughbreds (Stori Atchison), Agent",,
573,F,Mind Control,NY,,3 / 100,1/4,21.0,,,,,,,,,,,,,,,10,"Tom McCrocklin, Agent",,
574,F,Mo Donegal,KY,,3 / 126,1/8,10.0,,,,,,,,,,,,,,,14,"Little Farm Equine LLC, Agent IV",,
575,C,Gone Astray,FL,,3 / 96,1/8,10.2,,,,,,,,,,,,,,,10,"S G V Thoroughbreds LLC (Steven Venosa), Agent",,
576,C,Yaupon,KY,,3 / 43,1/8,9.4,,,,,,,,,,,,,,,1,"Kings Equine, Agent IV",,
577,F,Funtastic,KY,,3 / 36,1/8,10.1,,,,,,,,,,,,,,,18,Twelve Toes LLC,,
578,C,Epicenter,NY,,3 / 18,1/8,10.0,,,,,,,,,,,,,,,9,"Sequel Bloodstock, Agent for Chester Broman",,
581,C,Tapit,KY,,3 / 73,1/8,10.2,,,,,,,,,,,,,,,12,"de Meric Sales, Agent",,
582,F,Improbable,KY,,3 / 85,1/8,10.0,,,,,,,,,,,,,,,13,"Marco Hernandez Stables LLC, Agent II",,
583,C,Cyberknife,KY,,3 / 113,1/8,10.1,,,,,,,,,,,,,,,12,"de Meric Sales, Agent XII",,
585,C,Gunnevera,FL,,3 / 35,1/8,10.3,,,,,,,,,,,,,,,17,Champions of the Future,,
586,F,Flameaway,KY,,3 / 83,1/8,10.0,,,,,,,,,,,,,,,3,"J V C Training and Sales, Agent II",,
587,C,Cyberknife,KY,,3 / 39,1/8,10.0,,,,,,,,,,,,,,,1,"Top Line Sales LLC, Agent XXX",,
588,C,Complexity,KY,,3 / 59,1/8,10.2,,,,,,,,,,,,,,,16,Two Brother's Equine,,
589,C,Uncle Mo,KY,,3 / 54,1/8,10.1,,,,,,,,,,,,,,,11,"Randy Miles, Agent VIII",,
590,F,Tapwrit,FL,,3 / 67,1/4,21.1,,,,,,,,,,,,,,,4,"Ocala Stud, Agent",,
592,F,Tacitus,NY,,3 / 27,1/4,21.3,,,,,,,,,,,,,,,13,"Blue Sapphire Stables, Agent VI",,
593,C,Drain the Clock,KY,,3 / 75,1/8,10.1,,,,,,,,,,,,,,,7,"Hoppel LLC, Agent XX",,
594,C,Mo Donegal,KY,,3 / 129,1/8,10.1,,,,,,,,,,,,,,,18,"Navas Equine, Agent II",,
595,F,Drain the Clock,KY,,3 / 92,1/8,9.4,,,,,,,,,,,,,,,17,J & R Thoroughbreds LLC,,
596,F,Cyberknife,KY,,3 / 99,1/8,10.1,,,,,,,,,,,,,,,18,Golden Noguez,,
598,C,Golden Pal,KY,,3 / 19,1/8,9.3,,,,,,,,,,,,,,,1,"Top Line Sales LLC, Agent VIII",,
599,F,Strike Power,LA,,3 / 64,1/8,10.0,,,,,,,,,,,,,,,14,"Omar Ramirez Bloodstock, Agent XXI",,
600,C,Jack Christopher,KY,,3 / 130,1/8,10.0,,,,,,,,,,,,,,,3,"Pick View LLC, Agent XIX",,
601,F,Nashville,PA,,3 / 80,1/8,10.0,,,,,,,,,,,,,,,3,"Global Thoroughbreds LLC, Agent",,
602,C,Hard Spun,KY,,3 / 60,1/8,10.2,,,,,,,,,,,,,,,17,"Caliente Thoroughbreds, Agent XIII",,
603,F,Cyberknife,KY,,3 / 151,1/8,10.4,,,,,,,,,,,,,,,3,"J V C Training and Sales, Agent I",,
604,F,Aloha West,KY,,3 / 105,1/8,10.4,,,,,,,,,,,,,,,6,RiceHorse Stable (Brandon & Ali Rice),,
605,C,Mo Donegal,KY,,3 / 55,1/8,10.1,,,,,,,,,,,,,,,15,"Triple C Sales, Agent",,
606,C,Mutasaabeq,FL,,4 / 121,1/8,10.1,,,,,,,,,,,,,,,13,"Duffy's Racing LLC, Agent I",,
607,C,Authentic,NY,,3 / 134,1/8,9.4,,,,,,,,,,,,,,,12,"de Meric Sales, Agent XIV",,
609,C,Win Win Win,NY,,3 / 159,1/8,10.1,,,,,,,,,,,,,,,1,"Kings Equine, Agent I",,
610,F,Cyberknife,KY,,3 / 3,1/4,20.4,,,,,,,,,,,,,,,10,"Tom McCrocklin, Agent VI",,
611,C,Speightstown,KY,,3 / 148,1/8,10.0,,,,,,,,,,,,,,,6,"Britton Peak, Agent VIII",,
612,C,Nashville,KY,,3 / 89,1/8,10.1,,,,,,,,,,,,,,,1,"Top Line Sales LLC, Agent II",,
615,F,Liam's Map,KY,,4 / 56,1/8,9.4,,,,,,,,,,,,,,,16,"Golden Rock Thoroughbreds, Agent I",,
616,C,Volatile,NY,,4 / 113,1/4,21.3,,,,,,,,,,,,,,,10,"Tom McCrocklin, Agent VIII",,
618,F,Magic On Tap,FL,,4 / 85,1/8,10.2,,,,,,,,,,,,,,,6,RiceHorse Stable (Brandon & Ali Rice),,
620,C,McKinzie,ON,,4 / 8,1/8,10.0,,,,,,,,,,,,,,,1,"Top Line Sales LLC, Agent XV",,
622,C,Mitole,KY,,4 / 86,1/8,10.0,,,,,,,,,,,,,,,2,"L. G., Agent I",,
627,C,Corniche,KY,,4 / 92,1/4,21.2,,,,,,,,,,,,,,,10,"Tom McCrocklin, Agent I",,
629,C,Mind Control,NY,,4 / 112,1/8,10.2,,,,,,,,,,,,,,,17,"White Lilac (Katie Miranda), Agent",,
630,C,Girvin,KY,,4 / 48,1/4,21.3,,,,,,,,,,,,,,,4,Ocala Stud,,
631,C,Jackie's Warrior,KY,,4 / 69,1/8,9.4,,,,,,,,,,,,,,,6,"Britton Peak, Agent II",,
634,F,Tapit,KY,,4 / 44,1/8,10.0,,,,,,,,,,,,,,,13,"Azpurua Stables, Agent I",,
636,C,Bucchero,FL,,4 / 22,1/4,21.3,,,,,,,,,,,,,,,13,Blue River Bloodstock,,
637,F,Olympiad,KY,,4 / 27,1/8,10.0,,,,,,,,,,,,,,,6,"RiceHorse Stable (Brandon & Ali Rice), Agent",,
640,C,Army Mule,KY,,4 / 54,1/8,10.3,,,,,,,,,,,,,,,11,"Randy Miles, Agent VIII",,
641,F,Golden Pal,KY,,4 / 23,1/8,9.4,,,,,,,,,,,,,,,9,"Old South Farm LLC, Agent II",,
642,C,Catalina Cruiser,KY,,4 / 47,1/8,10.0,,,,,,,,,,,,,,,12,"Really and Truly Thoroughbreds, Agent I",,
643,F,Galilean,NY,,4 / 110,1/8,10.1,,,,,,,,,,,,,,,14,"Two Cousins Training and Sales, Agent III",,
644,F,Cairo Prince,KY,,4 / 66,1/8,10.1,,,,,,,,,,,,,,,10,"Flynt Fesmire, Agent I",,
647,C,Liam's Map,KY,,4 / 20,1/8,10.0,,,,,,,,,,,,,,,13,"Blue Sapphire Stables, Agent II",,
649,F,Yaupon,AR,,4 / 93,1/8,10.0,,,,,,,,,,,,,,,14,"Omar Ramirez Bloodstock, Agent I",,
651,F,Liam's Map,KY,,4 / 106,1/8,10.1,,,,,,,,,,,,,,,8,Andrew Phelan Bloodstock,,
656,F,Mitole,KY,,4 / 61,1/8,10.0,,,,,,,,,,,,,,,4,"Camelot Acres Racing and Sales, Agent I",,
658,C,Drain the Clock,OH,,4 / 51,1/8,10.0,,,,,,,,,,,,,,,14,"Omar Ramirez Bloodstock, Agent XIX",,
660,F,Corniche,KY,,4 / 16,1/8,9.4,,,,,,,,,,,,,,,6,"Britton Peak, Agent II",,
661,C,Maximus Mischief,KY,,4 / 70,1/8,9.4,,,,,,,,,,,,,,,3,Double R Equine Sales,,
662,F,Jack Christopher,KY,,4 / 28,1/8,10.1,,,,,,,,,,,,,,,15,"CM Thoroughbreds, Agent I",,
664,C,Complexity,KY,,4 / 1,1/4,21.3,,,,,,,,,,,,,,,10,"Tom McCrocklin, Agent",,
667,F,Global Campaign,KY,,4 / 41,1/8,10.0,,,,,,,,,,,,,,,1,"Top Line Sales LLC, Agent IV",,
668,C,Dialed In,FL,,4 / 119,1/8,10.1,,,,,,,,,,,,,,,16,"Advanced Thoroughbreds LLC, Agent I",,
669,F,Happy Saver,KY,,4 / 36,1/8,10.2,,,,,,,,,,,,,,,13,Marco Hernandez Stables LLC,,
671,C,Nashville,ON,,4 / 59,1/8,10.0,,,,,,,,,,,,,,,18,"Twelve Toes LLC, Agent I",,
672,C,Greatest Honour,NY,,4 / 60,1/8,10.2,,,,,,,,,,,,,,,16,"Cuatro Caminos, Agent",,
673,F,Gun Runner,KY,,4 / 77,1/8,10.1,,,,,,,,,,,,,,,3,"Pick View LLC, Agent X",,
674,F,Girvin,KY,,4 / 13,1/8,9.4,,,,,,,,,,,,,,,8,"Niall Brennan Stables, Agent V",,
678,C,Dialed In,KY,,4 / 109,1/8,10.1,,,,,,,,,,,,,,,11,"Randy Miles, Agent VIII",,
679,F,Epicenter,KY,,4 / 52,1/8,10.0,,,,,,,,,,,,,,,18,"GOP Racing Stable Corp., Agent I",,
680,F,Charlatan,KY,,4 / 34,1/8,10.0,,,,,,,,,,,,,,,7,"Hoppel LLC, Agent XIX",,
682,C,Nashville,KY,,4 / 46,1/8,9.4,,,,,,,,,,,,,,,5,"S B M Training and Sales, Agent III",,
683,C,Epicenter,KY,,4 / 64,1/8,9.4,,,,,,,,,,,,,,,1,"Kings Equine, Agent IV",,
684,C,Independence Hall,IN,,4 / 107,1/4,21.1,,,,,,,,,,,,,,,3,"Pick View LLC, Agent XX",,
686,C,Nashville,KY,,4 / 118,1/8,10.2,,,,,,,,,,,,,,,14,"Winner Circle Racing Stable Corp., Agent",,
687,F,Gift Box,FL,,4 / 53,1/8,10.4,,,,,,,,,,,,,,,8,"Six K's Training & Sales LLC, Agent I",,
688,F,Jack Christopher,KY,,4 / 3,1/8,9.3,,,,,,,,,,,,,,,11,"Randy Miles, Agent VIII",,
689,C,Vino Rosso,NY,,4 / 55,1/8,10.1,,,,,,,,,,,,,,,12,"Thorostock LLC, Agent I",,
690,C,Nashville,KY,,4 / 4,1/8,10.0,,,,,,,,,,,,,,,13,"Azpurua Stables, Agent I",,
694,F,Constitution,KY,,4 / 6,1/8,10.0,,,,,,,,,,,,,,,12,"de Meric Sales, Agent IX",,
695,C,Bolt d'Oro,KY,,4 / 45,1/4,20.3,,,,,,,,,,,,,,,3,"Pick View LLC, Agent XXXIII",,
697,F,Corniche,KY,,4 / 97,1/8,10.1,,,,,,,,,,,,,,,12,"de Meric Sales, Agent",,
698,F,Flightline,KY,,4 / 35,1/8,10.0,,,,,,,,,,,,,,,5,"Wavertree Stables, Inc. (Ciaran Dunne), Agent VI",,
699,F,Practical Joke,KY,,4 / 19,1/8,10.0,,,,,,,,,,,,,,,17,"Caliente Thoroughbreds, Agent VI",,
700,C,Maximus Mischief,KY,,4 / 25,1/8,10.1,,,,,,,,,,,,,,,15,Goldencents Thoroughbreds,,
701,G,Girvin,KY,,4 / 117,1/8,10.1,,,,,,,,,,,,,,,14,"F. Alanis Stables, Agent",,
702,F,Jackie's Warrior,KY,,4 / 7,1/8,9.4,,,,,,,,,,,,,,,7,"Julie Davies LLC, Agent VII",,
703,F,Connect,NY,,4 / 78,1/8,10.1,,,,,,,,,,,,,,,11,"Randy Miles, Agent VIII",,
705,C,Bolt d'Oro,KY,,4 / 15,1/8,9.4,,,,,,,,,,,,,,,11,"Randy Miles, Agent IX",,
706,F,Early Voting,KY,,4 / 120,1/8,10.1,,,,,,,,,,,,,,,14,A. G. Sales,,
707,C,Good Magic,KY,,4 / 87,1/8,10.1,,,,,,,,,,,,,,,17,"Caliente Thoroughbreds, Agent XVI",,
711,F,Mandaloun,KY,,4 / 111,1/8,10.3,,,,,,,,,,,,,,,15,Two Oaks Equine,,
712,C,Vekoma,KY,,4 / 17,1/8,10.1,,,,,,,,,,,,,,,3,"Global Thoroughbreds LLC, Agent I",,
714,F,Nashville,KY,,4 / 26,1/8,9.4,,,,,,,,,,,,,,,13,"First Call, Agent",,
715,C,Greatest Honour,FL,,4 / 38,1/8,10.1,,,,,,,,,,,,,,,15,Nice and Easy Thoroughbreds,,
716,C,Golden Pal,KY,,4 / 24,1/8,9.4,,,,,,,,,,,,,,,10,"S G V Thoroughbreds LLC (Steven Venosa), Agent",,
717,F,Corniche,KY,,4 / 73,1/8,10.0,,,,,,,,,,,,,,,3,"J V C Training and Sales, Agent III",,
718,F,Jackie's Warrior,KY,,4 / 72,1/4,20.4,,,,,,,,,,,,,,,10,"Tom McCrocklin, Agent XII",,
720,F,Mutasaabeq,FL,,4 / 90,1/8,10.0,,,,,,,,,,,,,,,1,"Top Line Sales LLC, Agent VI",,
721,C,Mind Control,OH,,4 / 115,1/8,10.2,,,,,,,,,,,,,,,15,Sweet River Thoroughbreds,,
722,C,Authentic,KY,,4 / 2,1/8,10.1,,,,,,,,,,,,,,,3,"Pick View LLC, Agent XXVI",,
726,F,Thousand Words,KY,,4 / 104,1/8,10.2,,,,,,,,,,,,,,,17,"My Little Stable Racing, Inc., Agent",,
727,F,Nashville,KY,,4 / 95,1/8,9.4,,,,,,,,,,,,,,,7,"Julie Davies LLC, Agent II",,
729,F,Mitole,KY,,4 / 108,1/8,10.1,,,,,,,,,,,,,,,18,Navas Equine,,
730,C,Violence,ON,,4 / 65,1/8,10.0,,,,,,,,,,,,,,,14,"Grade One Investments LLC, Agent I",,
731,C,Omaha Beach,KY,,4 / 12,1/8,10.3,,,,,,,,,,,,,,,17,Next Level Thoroughbreds,,
734,F,Life Is Good,NY,,4 / 43,1/8,10.0,,,,,,,,,,,,,,,9,"Sequel Bloodstock, Agent for Chester Broman",,
735,C,Gun Runner,KY,,4 / 79,1/8,10.0,,,,,,,,,,,,,,,5,"Wavertree Stables, Inc. (Ciaran Dunne), Agent IV",,
736,C,Tunwoo,FL,,4 / 62,1/8,10.0,,,,,,,,,,,,,,,17,"Champions of the Future, Agent IV",,
737,C,Nashville,NY,,4 / 11,1/8,9.4,,,,,,,,,,,,,,,1,"Kings Equine, Agent",,
738,C,Modernist,KY,,4 / 80,1/8,10.3,,,,,,,,,,,,,,,14,Great Destiny,,
740,F,Mo Donegal,KY,,4 / 30,1/8,10.2,,,,,,,,,,,,,,,14,"Little Farm Equine LLC, Agent I",,
742,F,Cyberknife,KY,,4 / 96,1/8,9.4,,,,,,,,,,,,,,,1,"Kings Equine, Agent",,
746,C,Drain the Clock,OK,,4 / 89,1/8,10.0,,,,,,,,,,,,,,,9,"Old South Farm LLC, Agent",,
748,C,Drain the Clock,KY,,4 / 21,1/4,20.1,,,,,,,,,,,,,,,16,"Doble J Equine Sales, Agent I",,
750,C,Drain the Clock,KY,,4 / 58,1/8,10.0,,,,,,,,,,,,,,,7,"Julie Davies LLC, Agent",,
755,C,Practical Joke,NY,,4 / 57,1/8,10.0,,,,,,,,,,,,,,,12,"de Meric Sales, Agent XVI",,
758,C,Engage,MD,,4 / 68,1/8,11.0,,,,,,,,,,,,,,,18,"Golden Noguez, Agent I",,
762,F,Authentic,KY,,4 / 63,1/8,10.2,,,,,,,,,,,,,,,17,Cruzin' Thoroughbreds LLC,,
768,C,Drain the Clock,KY,,4 / 67,1/8,10.1,,,,,,,,,,,,,,,3,"Global Thoroughbreds LLC, Agent",,
769,C,Jack Christopher,KY,,4 / 50,1/8,10.0,,,,,,,,,,,,,,,8,"Paul Sharp, Agent III",,
770,F,Bolt d'Oro,KY,,4 / 40,1/4,21.2,,,,,,,,,,,,,,,2,"Hidden Brook, Agent III",,
773,C,Omaha Beach,KY,,4 / 33,1/8,9.4,,,,,,,,,,,,,,,17,"King of Kings, Agent",,
777,C,Vino Rosso,KY,,4 / 105,1/8,10.0,,,,,,,,,,,,,,,16,"RM Stables LLC, Agent IV",,
779,C,Cairo Prince,KY,,4 / 94,1/8,10.1,,,,,,,,,,,,,,,11,"Randy Miles, Agent VIII",,
780,F,Runhappy,KY,,4 / 32,1/8,10.2,,,,,,,,,,,,,,,3,"Marcial Galan, Agent",,
781,C,Central Banker,NY,,4 / 114,1/8,10.3,,,,,,,,,,,,,,,16,"Blas Perez Stables, Agent II",,
782,C,Global Campaign,KY,,4 / 14,1/4,20.3,,,,,,,,,,,,,,,14,"Omar Ramirez Bloodstock, Agent XII",,
784,F,Jack Christopher,NY,,4 / 10,1/8,10.0,,,,,,,,,,,,,,,18,GOP Racing Stable Corp.,,
785,C,Mind Control,NY,,4 / 91,1/8,9.4,,,,,,,,,,,,,,,13,"Blue Sapphire Stables, Agent",,
786,C,Caracaro,KY,,4 / 37,1/8,10.2,,,,,,,,,,,,,,,14,New Hope AB LLC,,
787,F,Echo Town,KY,,4 / 81,1/8,10.0,,,,,,,,,,,,,,,3,Mayberry Farm,,
788,F,Keepmeinmind,NY,,4 / 49,1/8,10.3,,,,,,,,,,,,,,,18,Navas Equine,,
789,C,Jack Christopher,KY,,4 / 5,1/8,10.0,,,,,,,,,,,,,,,18,Navas Equine,,
791,F,Vekoma,KY,,4 / 9,1/8,10.0,,,,,,,,,,,,,,,5,"Wavertree Stables, Inc. (Ciaran Dunne), Agent V",,
792,F,Beau Liam,FL,,4 / 103,1/8,10.2,,,,,,,,,,,,,,,17,"Skies Thoroughbreds, Agent I",,
793,C,Jack Christopher,KY,,4 / 31,1/8,9.4,,,,,,,,,,,,,,,2,"L. G., Agent I",,
795,C,Charlatan,KY,,4 / 102,1/8,10.0,,,,,,,,,,,,,,,18,GOP Racing Stable Corp.,,
796,F,Nashville,FL,,4 / 75,1/8,9.4,,,,,,,,,,,,,,,15,"Goldencents Thoroughbreds, Agent",,
799,F,Charlatan,KY,,4 / 29,1/8,10.2,,,,,,,,,,,,,,,8,Cortez Racing & Sales,,
801,F,Mo Donegal,KY,,4 / 82,1/8,10.0,,,,,,,,,,,,,,,10,"S G V Thoroughbreds LLC (Steven Venosa), Agent",,
802,C,Jack Christopher,KY,,4 / 71,1/8,11.0,,,,,,,,,,,,,,,17,"Five Point Thoroughbreds, Agent",,
804,C,Jack Christopher,KY,,4 / 74,1/8,10.1,,,,,,,,,,,,,,,5,"Hartley / DeRenzo Thoroughbreds LLC, Agent I",,
805,F,Greatest Honour,NY,,4 / 98,1/8,9.4,,,,,,,,,,,,,,,16,"Golden Rock Thoroughbreds, Agent IV",,
806,F,Cyberknife,KY,,4 / 18,1/8,10.1,,,,,,,,,,,,,,,16,"Golden Rock Thoroughbreds, Agent V",,
807,F,Olympiad,KY,,4 / 101,1/8,10.0,,,,,,,,,,,,,,,9,Potrero Stables,,
808,C,Golden Pal,ON,,4 / 84,1/4,20.4,,,,,,,,,,,,,,,16,"Doble J Equine Sales, Agent I",,
810,C,Epicenter,KY,,4 / 88,1/4,21.1,,,,,,,,,,,,,,,8,"Cortez Racing & Sales, Agent",,
812,F,Maxfield,KY,,4 / 39,1/8,10.0,,,,,,,,,,,,,,,11,"Randy Miles, Agent VIII",,
813,C,Pinehurst,KY,,4 / 99,1/8,10.1,,,,,,,,,,,,,,,7,Angel Ordonez Thoroughbreds,,
816,C,Golden Pal,KY,,4 / 83,1/8,9.4,,,,,,,,,,,,,,,7,"Hoppel LLC, Agent XVIII",,
